Date,Start (ET),Visitor,PTSV,Home,PTSH,,,Notes
Tue Oct 25 2016,7:30 pm,New York Knicks,88,Cleveland Cavaliers,117,Box Score,,
Tue Oct 25 2016,10:30 pm,San Antonio Spurs,129,Golden State Warriors,100,Box Score,,
Tue Oct 25 2016,10:00 pm,Utah Jazz,104,Portland Trail Blazers,113,Box Score,,
Wed Oct 26 2016,7:30 pm,Brooklyn Nets,117,Boston Celtics,122,Box Score,,
Wed Oct 26 2016,7:00 pm,Dallas Mavericks,121,Indiana Pacers,130,Box Score,OT,
Wed Oct 26 2016,10:30 pm,Houston Rockets,114,Los Angeles Lakers,120,Box Score,,
Wed Oct 26 2016,8:00 pm,Minnesota Timberwolves,98,Memphis Grizzlies,102,Box Score,,
Wed Oct 26 2016,8:00 pm,Charlotte Hornets,107,Milwaukee Bucks,96,Box Score,,
Wed Oct 26 2016,8:00 pm,Denver Nuggets,107,New Orleans Pelicans,102,Box Score,,
Wed Oct 26 2016,7:00 pm,Miami Heat,108,Orlando Magic,96,Box Score,,
Wed Oct 26 2016,8:00 pm,Oklahoma City Thunder,103,Philadelphia 76ers,97,Box Score,,
Wed Oct 26 2016,10:00 pm,Sacramento Kings,113,Phoenix Suns,94,Box Score,,
Wed Oct 26 2016,7:30 pm,Detroit Pistons,91,Toronto Raptors,109,Box Score,,
Thu Oct 27 2016,7:30 pm,Washington Wizards,99,Atlanta Hawks,114,Box Score,,
Thu Oct 27 2016,8:00 pm,Boston Celtics,99,Chicago Bulls,105,Box Score,,
Thu Oct 27 2016,10:30 pm,Los Angeles Clippers,114,Portland Trail Blazers,106,Box Score,,
Thu Oct 27 2016,10:30 pm,San Antonio Spurs,102,Sacramento Kings,94,Box Score,,
Fri Oct 28 2016,7:30 pm,Indiana Pacers,94,Brooklyn Nets,103,Box Score,,
Fri Oct 28 2016,8:30 pm,Houston Rockets,106,Dallas Mavericks,98,Box Score,,
Fri Oct 28 2016,7:30 pm,Orlando Magic,82,Detroit Pistons,108,Box Score,,
Fri Oct 28 2016,8:00 pm,Charlotte Hornets,97,Miami Heat,91,Box Score,,
Fri Oct 28 2016,9:30 pm,Golden State Warriors,122,New Orleans Pelicans,114,Box Score,,
Fri Oct 28 2016,8:00 pm,Phoenix Suns,110,Oklahoma City Thunder,113,Box Score,OT,
Fri Oct 28 2016,7:00 pm,Cleveland Cavaliers,94,Toronto Raptors,91,Box Score,,
Fri Oct 28 2016,9:00 pm,Los Angeles Lakers,89,Utah Jazz,96,Box Score,,
Sat Oct 29 2016,8:00 pm,Indiana Pacers,101,Chicago Bulls,118,Box Score,,
Sat Oct 29 2016,7:00 pm,Boston Celtics,104,Charlotte Hornets,98,Box Score,,
Sat Oct 29 2016,7:30 pm,Orlando Magic,99,Cleveland Cavaliers,105,Box Score,,
Sat Oct 29 2016,9:00 pm,Portland Trail Blazers,115,Denver Nuggets,113,Box Score,OT,
Sat Oct 29 2016,8:00 pm,Brooklyn Nets,108,Milwaukee Bucks,110,Box Score,,
Sat Oct 29 2016,7:30 pm,Memphis Grizzlies,104,New York Knicks,111,Box Score,,
Sat Oct 29 2016,12:30 pm,Atlanta Hawks,104,Philadelphia 76ers,72,Box Score,,
Sat Oct 29 2016,10:30 pm,Minnesota Timberwolves,103,Sacramento Kings,106,Box Score,,
Sat Oct 29 2016,8:00 pm,New Orleans Pelicans,79,San Antonio Spurs,98,Box Score,,
Sun Oct 30 2016,6:00 pm,Milwaukee Bucks,83,Detroit Pistons,98,Box Score,,
Sun Oct 30 2016,8:00 pm,Dallas Mavericks,92,Houston Rockets,93,Box Score,,
Sun Oct 30 2016,4:30 pm,Utah Jazz,75,Los Angeles Clippers,88,Box Score,,
Sun Oct 30 2016,8:00 pm,Washington Wizards,103,Memphis Grizzlies,112,Box Score,OT,
Sun Oct 30 2016,6:00 pm,San Antonio Spurs,106,Miami Heat,99,Box Score,,
Sun Oct 30 2016,7:00 pm,Los Angeles Lakers,96,Oklahoma City Thunder,113,Box Score,,
Sun Oct 30 2016,6:00 pm,Golden State Warriors,106,Phoenix Suns,100,Box Score,,
Mon Oct 31 2016,7:30 pm,Sacramento Kings,95,Atlanta Hawks,106,Box Score,,
Mon Oct 31 2016,7:30 pm,Chicago Bulls,118,Brooklyn Nets,88,Box Score,,
Mon Oct 31 2016,10:30 pm,Phoenix Suns,98,Los Angeles Clippers,116,Box Score,,
Mon Oct 31 2016,7:30 pm,Denver Nuggets,102,Toronto Raptors,105,Box Score,,
Tue Nov 1 2016,6:00 pm,Houston Rockets,120,Cleveland Cavaliers,128,Box Score,,
Tue Nov 1 2016,7:30 pm,New York Knicks,89,Detroit Pistons,102,Box Score,,
Tue Nov 1 2016,7:00 pm,Los Angeles Lakers,108,Indiana Pacers,115,Box Score,,
Tue Nov 1 2016,7:30 pm,Sacramento Kings,96,Miami Heat,108,Box Score,OT,
Tue Nov 1 2016,8:00 pm,Memphis Grizzlies,80,Minnesota Timberwolves,116,Box Score,,
Tue Nov 1 2016,8:00 pm,Milwaukee Bucks,117,New Orleans Pelicans,113,Box Score,,
Tue Nov 1 2016,7:00 pm,Orlando Magic,103,Philadelphia 76ers,101,Box Score,,
Tue Nov 1 2016,10:00 pm,Golden State Warriors,127,Portland Trail Blazers,104,Box Score,,
Tue Nov 1 2016,8:30 pm,Utah Jazz,106,San Antonio Spurs,91,Box Score,,
Wed Nov 2 2016,7:30 pm,Los Angeles Lakers,123,Atlanta Hawks,116,Box Score,,
Wed Nov 2 2016,8:00 pm,Chicago Bulls,100,Boston Celtics,107,Box Score,,
Wed Nov 2 2016,7:30 pm,Detroit Pistons,101,Brooklyn Nets,109,Box Score,,
Wed Nov 2 2016,7:00 pm,Philadelphia 76ers,93,Charlotte Hornets,109,Box Score,,
Wed Nov 2 2016,10:30 pm,Oklahoma City Thunder,85,Los Angeles Clippers,83,Box Score,,
Wed Nov 2 2016,8:00 pm,New Orleans Pelicans,83,Memphis Grizzlies,89,Box Score,OT,
Wed Nov 2 2016,7:30 pm,Houston Rockets,118,New York Knicks,99,Box Score,,
Wed Nov 2 2016,10:00 pm,Portland Trail Blazers,115,Phoenix Suns,118,Box Score,OT,
Wed Nov 2 2016,9:00 pm,Dallas Mavericks,81,Utah Jazz,97,Box Score,,
Wed Nov 2 2016,7:00 pm,Toronto Raptors,113,Washington Wizards,103,Box Score,,
Thu Nov 3 2016,8:00 pm,Boston Celtics,122,Cleveland Cavaliers,128,Box Score,,
Thu Nov 3 2016,10:30 pm,Oklahoma City Thunder,96,Golden State Warriors,122,Box Score,,
Thu Nov 3 2016,8:00 pm,Indiana Pacers,107,Milwaukee Bucks,125,Box Score,,
Thu Nov 3 2016,8:00 pm,Denver Nuggets,102,Minnesota Timberwolves,99,Box Score,,
Thu Nov 3 2016,7:00 pm,Sacramento Kings,94,Orlando Magic,102,Box Score,,
Fri Nov 4 2016,7:30 pm,Charlotte Hornets,99,Brooklyn Nets,95,Box Score,,
Fri Nov 4 2016,8:00 pm,New York Knicks,117,Chicago Bulls,104,Box Score,,
Fri Nov 4 2016,8:30 pm,Portland Trail Blazers,105,Dallas Mavericks,95,Box Score,,
Fri Nov 4 2016,10:30 pm,Golden State Warriors,97,Los Angeles Lakers,117,Box Score,,
Fri Nov 4 2016,8:00 pm,Los Angeles Clippers,99,Memphis Grizzlies,88,Box Score,,
Fri Nov 4 2016,8:00 pm,Phoenix Suns,112,New Orleans Pelicans,111,Box Score,OT,
Fri Nov 4 2016,7:30 pm,Miami Heat,87,Toronto Raptors,96,Box Score,,
Fri Nov 4 2016,9:00 pm,San Antonio Spurs,100,Utah Jazz,86,Box Score,,
Fri Nov 4 2016,7:00 pm,Atlanta Hawks,92,Washington Wizards,95,Box Score,,
Sat Nov 5 2016,7:30 pm,Houston Rockets,97,Atlanta Hawks,112,Box Score,,
Sat Nov 5 2016,7:00 pm,Denver Nuggets,86,Detroit Pistons,103,Box Score,,
Sat Nov 5 2016,7:00 pm,Chicago Bulls,94,Indiana Pacers,111,Box Score,,
Sat Nov 5 2016,8:00 pm,Sacramento Kings,91,Milwaukee Bucks,117,Box Score,,
Sat Nov 5 2016,6:00 pm,Minnesota Timberwolves,92,Oklahoma City Thunder,112,Box Score,,
Sat Nov 5 2016,7:00 pm,Washington Wizards,86,Orlando Magic,88,Box Score,,
Sat Nov 5 2016,7:00 pm,Cleveland Cavaliers,102,Philadelphia 76ers,101,Box Score,,
Sat Nov 5 2016,8:30 pm,Los Angeles Clippers,116,San Antonio Spurs,92,Box Score,,
Sun Nov 6 2016,7:30 pm,Denver Nuggets,123,Boston Celtics,107,Box Score,,
Sun Nov 6 2016,7:00 pm,Milwaukee Bucks,75,Dallas Mavericks,86,Box Score,OT,
Sun Nov 6 2016,9:30 pm,Phoenix Suns,108,Los Angeles Lakers,119,Box Score,,
Sun Nov 6 2016,3:30 pm,Portland Trail Blazers,100,Memphis Grizzlies,94,Box Score,,
Sun Nov 6 2016,12:00 pm,Utah Jazz,114,New York Knicks,109,Box Score,,
Sun Nov 6 2016,6:00 pm,Sacramento Kings,96,Toronto Raptors,91,Box Score,,
Mon Nov 7 2016,8:00 pm,Orlando Magic,80,Chicago Bulls,112,Box Score,,
Mon Nov 7 2016,7:00 pm,Indiana Pacers,100,Charlotte Hornets,122,Box Score,,
Mon Nov 7 2016,10:30 pm,New Orleans Pelicans,106,Golden State Warriors,116,Box Score,,
Mon Nov 7 2016,10:30 pm,Detroit Pistons,82,Los Angeles Clippers,114,Box Score,,
Mon Nov 7 2016,8:00 pm,Miami Heat,85,Oklahoma City Thunder,97,Box Score,,
Mon Nov 7 2016,7:00 pm,Utah Jazz,109,Philadelphia 76ers,84,Box Score,,
Mon Nov 7 2016,7:00 pm,Houston Rockets,114,Washington Wizards,106,Box Score,,
Tue Nov 8 2016,7:30 pm,Minnesota Timberwolves,110,Brooklyn Nets,119,Box Score,,
Tue Nov 8 2016,7:00 pm,Atlanta Hawks,110,Cleveland Cavaliers,106,Box Score,,
Tue Nov 8 2016,10:30 pm,Dallas Mavericks,109,Los Angeles Lakers,97,Box Score,,
Tue Nov 8 2016,8:00 pm,Denver Nuggets,107,Memphis Grizzlies,108,Box Score,,
Tue Nov 8 2016,10:00 pm,Phoenix Suns,121,Portland Trail Blazers,124,Box Score,,
Tue Nov 8 2016,10:30 pm,New Orleans Pelicans,94,Sacramento Kings,102,Box Score,,
Wed Nov 9 2016,7:30 pm,Chicago Bulls,107,Atlanta Hawks,115,Box Score,,
Wed Nov 9 2016,7:00 pm,Utah Jazz,98,Charlotte Hornets,104,Box Score,,
Wed Nov 9 2016,10:30 pm,Dallas Mavericks,95,Golden State Warriors,116,Box Score,,
Wed Nov 9 2016,7:00 pm,Philadelphia 76ers,115,Indiana Pacers,122,Box Score,OT,
Wed Nov 9 2016,10:30 pm,Portland Trail Blazers,80,Los Angeles Clippers,111,Box Score,,
Wed Nov 9 2016,7:00 pm,Brooklyn Nets,96,New York Knicks,110,Box Score,,
Wed Nov 9 2016,8:00 pm,Toronto Raptors,112,Oklahoma City Thunder,102,Box Score,,
Wed Nov 9 2016,7:00 pm,Minnesota Timberwolves,123,Orlando Magic,107,Box Score,,
Wed Nov 9 2016,9:00 pm,Detroit Pistons,100,Phoenix Suns,107,Box Score,,
Wed Nov 9 2016,9:30 pm,Houston Rockets,101,San Antonio Spurs,99,Box Score,,
Wed Nov 9 2016,7:00 pm,Boston Celtics,93,Washington Wizards,118,Box Score,,
Thu Nov 10 2016,9:00 pm,Golden State Warriors,125,Denver Nuggets,101,Box Score,,
Thu Nov 10 2016,8:00 pm,Chicago Bulls,98,Miami Heat,95,Box Score,,
Thu Nov 10 2016,8:00 pm,New Orleans Pelicans,112,Milwaukee Bucks,106,Box Score,,
Thu Nov 10 2016,10:30 pm,Los Angeles Lakers,101,Sacramento Kings,91,Box Score,,
Fri Nov 11 2016,7:30 pm,New York Knicks,87,Boston Celtics,115,Box Score,,
Fri Nov 11 2016,7:00 pm,Toronto Raptors,113,Charlotte Hornets,111,Box Score,,
Fri Nov 11 2016,8:00 pm,Los Angeles Clippers,110,Oklahoma City Thunder,108,Box Score,,
Fri Nov 11 2016,7:00 pm,Utah Jazz,87,Orlando Magic,74,Box Score,,
Fri Nov 11 2016,7:00 pm,Indiana Pacers,105,Philadelphia 76ers,109,Box Score,OT,
Fri Nov 11 2016,10:00 pm,Sacramento Kings,120,Portland Trail Blazers,122,Box Score,OT,
Fri Nov 11 2016,8:30 pm,Detroit Pistons,86,San Antonio Spurs,96,Box Score,,
Fri Nov 11 2016,7:00 pm,Cleveland Cavaliers,105,Washington Wizards,94,Box Score,,
Sat Nov 12 2016,7:30 pm,Philadelphia 76ers,96,Atlanta Hawks,117,Box Score,,
Sat Nov 12 2016,8:00 pm,Washington Wizards,95,Chicago Bulls,106,Box Score,,
Sat Nov 12 2016,9:00 pm,Detroit Pistons,106,Denver Nuggets,95,Box Score,,
Sat Nov 12 2016,8:00 pm,San Antonio Spurs,106,Houston Rockets,100,Box Score,,
Sat Nov 12 2016,7:00 pm,Boston Celtics,105,Indiana Pacers,99,Box Score,,
Sat Nov 12 2016,8:00 pm,Utah Jazz,102,Miami Heat,91,Box Score,,
Sat Nov 12 2016,8:30 pm,Memphis Grizzlies,96,Milwaukee Bucks,106,Box Score,,
Sat Nov 12 2016,8:00 pm,Los Angeles Clippers,119,Minnesota Timberwolves,105,Box Score,,
Sat Nov 12 2016,7:00 pm,Los Angeles Lakers,126,New Orleans Pelicans,99,Box Score,,
Sat Nov 12 2016,9:00 pm,Brooklyn Nets,122,Phoenix Suns,104,Box Score,,
Sat Nov 12 2016,7:30 pm,New York Knicks,107,Toronto Raptors,118,Box Score,,
Sun Nov 13 2016,3:30 pm,Charlotte Hornets,93,Cleveland Cavaliers,100,Box Score,,
Sun Nov 13 2016,8:00 pm,Phoenix Suns,120,Golden State Warriors,133,Box Score,,
Sun Nov 13 2016,7:00 pm,Los Angeles Lakers,99,Minnesota Timberwolves,125,Box Score,,
Sun Nov 13 2016,7:00 pm,Orlando Magic,119,Oklahoma City Thunder,117,Box Score,,
Sun Nov 13 2016,9:00 pm,Denver Nuggets,105,Portland Trail Blazers,112,Box Score,,
Mon Nov 14 2016,7:30 pm,Oklahoma City Thunder,88,Detroit Pistons,104,Box Score,,
Mon Nov 14 2016,8:00 pm,Philadelphia 76ers,88,Houston Rockets,115,Box Score,,
Mon Nov 14 2016,7:00 pm,Orlando Magic,69,Indiana Pacers,88,Box Score,,
Mon Nov 14 2016,10:30 pm,Brooklyn Nets,95,Los Angeles Clippers,127,Box Score,,
Mon Nov 14 2016,8:00 pm,Boston Celtics,105,New Orleans Pelicans,106,Box Score,,
Mon Nov 14 2016,7:30 pm,Dallas Mavericks,77,New York Knicks,93,Box Score,,
Mon Nov 14 2016,8:30 pm,Miami Heat,90,San Antonio Spurs,94,Box Score,,
Mon Nov 14 2016,9:00 pm,Memphis Grizzlies,102,Utah Jazz,96,Box Score,,
Tue Nov 15 2016,7:00 pm,Toronto Raptors,117,Cleveland Cavaliers,121,Box Score,,
Tue Nov 15 2016,10:30 pm,Brooklyn Nets,118,Los Angeles Lakers,125,Box Score,,
Tue Nov 15 2016,7:30 pm,Atlanta Hawks,93,Miami Heat,90,Box Score,,
Tue Nov 15 2016,8:00 pm,Charlotte Hornets,115,Minnesota Timberwolves,108,Box Score,,
Tue Nov 15 2016,10:00 pm,Chicago Bulls,113,Portland Trail Blazers,88,Box Score,,
Wed Nov 16 2016,7:30 pm,Milwaukee Bucks,100,Atlanta Hawks,107,Box Score,,
Wed Nov 16 2016,7:30 pm,Dallas Mavericks,83,Boston Celtics,90,Box Score,,
Wed Nov 16 2016,9:00 pm,Phoenix Suns,104,Denver Nuggets,120,Box Score,,
Wed Nov 16 2016,7:00 pm,Cleveland Cavaliers,93,Indiana Pacers,103,Box Score,,
Wed Nov 16 2016,10:30 pm,Memphis Grizzlies,111,Los Angeles Clippers,107,Box Score,,
Wed Nov 16 2016,7:30 pm,Detroit Pistons,102,New York Knicks,105,Box Score,,
Wed Nov 16 2016,8:00 pm,Houston Rockets,103,Oklahoma City Thunder,105,Box Score,,
Wed Nov 16 2016,7:00 pm,New Orleans Pelicans,82,Orlando Magic,89,Box Score,,
Wed Nov 16 2016,7:00 pm,Washington Wizards,102,Philadelphia 76ers,109,Box Score,,
Wed Nov 16 2016,10:30 pm,San Antonio Spurs,110,Sacramento Kings,105,Box Score,,
Wed Nov 16 2016,8:00 pm,Golden State Warriors,127,Toronto Raptors,121,Box Score,,
Thu Nov 17 2016,8:00 pm,Portland Trail Blazers,109,Houston Rockets,126,Box Score,,
Thu Nov 17 2016,7:30 pm,Milwaukee Bucks,73,Miami Heat,96,Box Score,,
Thu Nov 17 2016,8:00 pm,Philadelphia 76ers,86,Minnesota Timberwolves,110,Box Score,,
Thu Nov 17 2016,10:30 pm,Chicago Bulls,85,Utah Jazz,77,Box Score,,
Thu Nov 17 2016,7:00 pm,New York Knicks,112,Washington Wizards,119,Box Score,,
Fri Nov 18 2016,8:00 pm,Golden State Warriors,104,Boston Celtics,88,Box Score,,
Fri Nov 18 2016,7:00 pm,Atlanta Hawks,96,Charlotte Hornets,100,Box Score,,
Fri Nov 18 2016,7:30 pm,Detroit Pistons,81,Cleveland Cavaliers,104,Box Score,,
Fri Nov 18 2016,8:30 pm,Memphis Grizzlies,80,Dallas Mavericks,64,Box Score,,
Fri Nov 18 2016,9:00 pm,Toronto Raptors,113,Denver Nuggets,111,Box Score,OT,
Fri Nov 18 2016,7:00 pm,Phoenix Suns,116,Indiana Pacers,96,Box Score,,
Fri Nov 18 2016,10:30 pm,San Antonio Spurs,116,Los Angeles Lakers,107,Box Score,,
Fri Nov 18 2016,8:00 pm,Portland Trail Blazers,101,New Orleans Pelicans,113,Box Score,,
Fri Nov 18 2016,8:00 pm,Brooklyn Nets,105,Oklahoma City Thunder,124,Box Score,,
Fri Nov 18 2016,10:30 pm,Los Angeles Clippers,121,Sacramento Kings,115,Box Score,,
Sat Nov 19 2016,7:00 pm,Boston Celtics,94,Detroit Pistons,92,Box Score,,
Sat Nov 19 2016,5:00 pm,Utah Jazz,102,Houston Rockets,111,Box Score,,
Sat Nov 19 2016,10:30 pm,Chicago Bulls,95,Los Angeles Clippers,102,Box Score,,
Sat Nov 19 2016,8:00 pm,Minnesota Timberwolves,71,Memphis Grizzlies,93,Box Score,,
Sat Nov 19 2016,8:30 pm,Golden State Warriors,124,Milwaukee Bucks,121,Box Score,,
Sat Nov 19 2016,7:00 pm,Charlotte Hornets,116,New Orleans Pelicans,121,Box Score,OT,
Sat Nov 19 2016,7:00 pm,Dallas Mavericks,87,Orlando Magic,95,Box Score,,
Sat Nov 19 2016,7:30 pm,Phoenix Suns,105,Philadelphia 76ers,120,Box Score,,
Sat Nov 19 2016,7:00 pm,Miami Heat,114,Washington Wizards,111,Box Score,,
Sun Nov 20 2016,3:30 pm,Portland Trail Blazers,129,Brooklyn Nets,109,Box Score,,
Sun Nov 20 2016,9:00 pm,Utah Jazz,91,Denver Nuggets,105,Box Score,,
Sun Nov 20 2016,9:30 pm,Chicago Bulls,118,Los Angeles Lakers,110,Box Score,,
Sun Nov 20 2016,12:00 pm,Atlanta Hawks,94,New York Knicks,104,Box Score,,
Sun Nov 20 2016,7:00 pm,Indiana Pacers,115,Oklahoma City Thunder,111,Box Score,OT,
Sun Nov 20 2016,9:00 pm,Toronto Raptors,99,Sacramento Kings,102,Box Score,,
Mon Nov 21 2016,7:00 pm,Memphis Grizzlies,105,Charlotte Hornets,90,Box Score,,
Mon Nov 21 2016,7:30 pm,Houston Rockets,99,Detroit Pistons,96,Box Score,,
Mon Nov 21 2016,7:00 pm,Golden State Warriors,120,Indiana Pacers,83,Box Score,,
Mon Nov 21 2016,10:30 pm,Toronto Raptors,115,Los Angeles Clippers,123,Box Score,,
Mon Nov 21 2016,8:00 pm,Orlando Magic,89,Milwaukee Bucks,93,Box Score,,
Mon Nov 21 2016,8:00 pm,Boston Celtics,99,Minnesota Timberwolves,93,Box Score,,
Mon Nov 21 2016,7:00 pm,Miami Heat,94,Philadelphia 76ers,101,Box Score,,
Mon Nov 21 2016,8:30 pm,Dallas Mavericks,91,San Antonio Spurs,96,Box Score,,
Mon Nov 21 2016,7:00 pm,Phoenix Suns,101,Washington Wizards,106,Box Score,,
Tue Nov 22 2016,7:30 pm,New Orleans Pelicans,112,Atlanta Hawks,94,Box Score,,
Tue Nov 22 2016,9:00 pm,Chicago Bulls,107,Denver Nuggets,110,Box Score,,
Tue Nov 22 2016,10:30 pm,Oklahoma City Thunder,109,Los Angeles Lakers,111,Box Score,,
Tue Nov 22 2016,7:30 pm,Portland Trail Blazers,103,New York Knicks,107,Box Score,,
Wed Nov 23 2016,7:30 pm,Boston Celtics,111,Brooklyn Nets,92,Box Score,,
Wed Nov 23 2016,7:00 pm,San Antonio Spurs,119,Charlotte Hornets,114,Box Score,,
Wed Nov 23 2016,7:00 pm,Portland Trail Blazers,125,Cleveland Cavaliers,137,Box Score,,
Wed Nov 23 2016,8:30 pm,Los Angeles Clippers,124,Dallas Mavericks,104,Box Score,,
Wed Nov 23 2016,7:30 pm,Miami Heat,84,Detroit Pistons,107,Box Score,,
Wed Nov 23 2016,10:30 pm,Los Angeles Lakers,106,Golden State Warriors,149,Box Score,,
Wed Nov 23 2016,8:00 pm,Toronto Raptors,115,Houston Rockets,102,Box Score,,
Wed Nov 23 2016,7:00 pm,Atlanta Hawks,96,Indiana Pacers,85,Box Score,,
Wed Nov 23 2016,9:30 pm,Minnesota Timberwolves,96,New Orleans Pelicans,117,Box Score,,
Wed Nov 23 2016,7:00 pm,Phoenix Suns,92,Orlando Magic,87,Box Score,,
Wed Nov 23 2016,7:00 pm,Memphis Grizzlies,104,Philadelphia 76ers,99,Box Score,2OT,
Wed Nov 23 2016,10:30 pm,Oklahoma City Thunder,101,Sacramento Kings,116,Box Score,,
Wed Nov 23 2016,9:00 pm,Denver Nuggets,83,Utah Jazz,108,Box Score,,
Fri Nov 25 2016,1:00 pm,San Antonio Spurs,109,Boston Celtics,103,Box Score,,
Fri Nov 25 2016,7:30 pm,Dallas Mavericks,90,Cleveland Cavaliers,128,Box Score,,
Fri Nov 25 2016,9:00 pm,Oklahoma City Thunder,132,Denver Nuggets,129,Box Score,OT,
Fri Nov 25 2016,7:30 pm,Los Angeles Clippers,97,Detroit Pistons,108,Box Score,,
Fri Nov 25 2016,8:00 pm,Brooklyn Nets,97,Indiana Pacers,118,Box Score,,
Fri Nov 25 2016,10:30 pm,Golden State Warriors,109,Los Angeles Lakers,85,Box Score,,
Fri Nov 25 2016,8:00 pm,Miami Heat,90,Memphis Grizzlies,81,Box Score,,
Fri Nov 25 2016,8:00 pm,Toronto Raptors,105,Milwaukee Bucks,99,Box Score,,
Fri Nov 25 2016,7:30 pm,Charlotte Hornets,111,New York Knicks,113,Box Score,OT,
Fri Nov 25 2016,7:00 pm,Washington Wizards,94,Orlando Magic,91,Box Score,,
Fri Nov 25 2016,7:30 pm,Chicago Bulls,105,Philadelphia 76ers,89,Box Score,,
Fri Nov 25 2016,9:00 pm,Minnesota Timberwolves,98,Phoenix Suns,85,Box Score,,
Fri Nov 25 2016,10:00 pm,New Orleans Pelicans,104,Portland Trail Blazers,119,Box Score,,
Fri Nov 25 2016,10:30 pm,Houston Rockets,117,Sacramento Kings,104,Box Score,,
Fri Nov 25 2016,8:00 pm,Atlanta Hawks,68,Utah Jazz,95,Box Score,,
Sat Nov 26 2016,7:00 pm,New York Knicks,102,Charlotte Hornets,107,Box Score,,
Sat Nov 26 2016,10:30 pm,Minnesota Timberwolves,102,Golden State Warriors,115,Box Score,,
Sat Nov 26 2016,8:00 pm,Memphis Grizzlies,110,Miami Heat,107,Box Score,,
Sat Nov 26 2016,8:00 pm,Detroit Pistons,88,Oklahoma City Thunder,106,Box Score,,
Sat Nov 26 2016,7:00 pm,San Antonio Spurs,112,Washington Wizards,100,Box Score,,
Sun Nov 27 2016,6:00 pm,Sacramento Kings,122,Brooklyn Nets,105,Box Score,,
Sun Nov 27 2016,7:00 pm,New Orleans Pelicans,81,Dallas Mavericks,91,Box Score,,
Sun Nov 27 2016,6:00 pm,Los Angeles Clippers,70,Indiana Pacers,91,Box Score,,
Sun Nov 27 2016,9:30 pm,Atlanta Hawks,94,Los Angeles Lakers,109,Box Score,,
Sun Nov 27 2016,6:00 pm,Milwaukee Bucks,104,Orlando Magic,96,Box Score,,
Sun Nov 27 2016,1:00 pm,Cleveland Cavaliers,112,Philadelphia 76ers,108,Box Score,,
Sun Nov 27 2016,3:30 pm,Denver Nuggets,120,Phoenix Suns,114,Box Score,,
Sun Nov 27 2016,9:00 pm,Houston Rockets,130,Portland Trail Blazers,114,Box Score,,
Mon Nov 28 2016,10:30 pm,Atlanta Hawks,100,Golden State Warriors,105,Box Score,,
Mon Nov 28 2016,8:00 pm,Charlotte Hornets,104,Memphis Grizzlies,85,Box Score,,
Mon Nov 28 2016,7:30 pm,Boston Celtics,112,Miami Heat,104,Box Score,,
Mon Nov 28 2016,8:00 pm,Utah Jazz,112,Minnesota Timberwolves,103,Box Score,,
Mon Nov 28 2016,7:30 pm,Oklahoma City Thunder,112,New York Knicks,103,Box Score,,
Mon Nov 28 2016,7:30 pm,Philadelphia 76ers,95,Toronto Raptors,122,Box Score,,
Mon Nov 28 2016,7:00 pm,Sacramento Kings,95,Washington Wizards,101,Box Score,OT,
Tue Nov 29 2016,7:30 pm,Los Angeles Clippers,122,Brooklyn Nets,127,Box Score,2OT,
Tue Nov 29 2016,7:00 pm,Detroit Pistons,112,Charlotte Hornets,89,Box Score,,
Tue Nov 29 2016,8:00 pm,Cleveland Cavaliers,101,Milwaukee Bucks,118,Box Score,,
Tue Nov 29 2016,8:00 pm,Los Angeles Lakers,88,New Orleans Pelicans,105,Box Score,,
Tue Nov 29 2016,8:30 pm,Orlando Magic,95,San Antonio Spurs,83,Box Score,,
Tue Nov 29 2016,9:00 pm,Houston Rockets,101,Utah Jazz,120,Box Score,,
Wed Nov 30 2016,7:30 pm,Detroit Pistons,121,Boston Celtics,114,Box Score,,
Wed Nov 30 2016,8:00 pm,Los Angeles Lakers,96,Chicago Bulls,90,Box Score,,
Wed Nov 30 2016,8:30 pm,San Antonio Spurs,94,Dallas Mavericks,87,Box Score,,
Wed Nov 30 2016,9:00 pm,Miami Heat,106,Denver Nuggets,98,Box Score,,
Wed Nov 30 2016,8:00 pm,New York Knicks,106,Minnesota Timberwolves,104,Box Score,,
Wed Nov 30 2016,8:00 pm,Washington Wizards,115,Oklahoma City Thunder,126,Box Score,OT,
Wed Nov 30 2016,9:00 pm,Atlanta Hawks,107,Phoenix Suns,109,Box Score,,
Wed Nov 30 2016,10:00 pm,Indiana Pacers,109,Portland Trail Blazers,131,Box Score,,
Wed Nov 30 2016,7:30 pm,Memphis Grizzlies,105,Toronto Raptors,120,Box Score,,
Thu Dec 1 2016,7:30 pm,Milwaukee Bucks,111,Brooklyn Nets,93,Box Score,,
Thu Dec 1 2016,7:00 pm,Dallas Mavericks,87,Charlotte Hornets,97,Box Score,,
Thu Dec 1 2016,8:00 pm,Los Angeles Clippers,113,Cleveland Cavaliers,94,Box Score,,
Thu Dec 1 2016,10:30 pm,Houston Rockets,132,Golden State Warriors,127,Box Score,2OT,
Thu Dec 1 2016,8:00 pm,Orlando Magic,94,Memphis Grizzlies,95,Box Score,,
Thu Dec 1 2016,9:00 pm,Miami Heat,111,Utah Jazz,110,Box Score,,
Fri Dec 2 2016,8:00 pm,Detroit Pistons,121,Atlanta Hawks,85,Box Score,,
Fri Dec 2 2016,7:30 pm,Sacramento Kings,92,Boston Celtics,97,Box Score,,
Fri Dec 2 2016,8:00 pm,Cleveland Cavaliers,105,Chicago Bulls,111,Box Score,,
Fri Dec 2 2016,10:30 pm,Houston Rockets,128,Denver Nuggets,110,Box Score,,
Fri Dec 2 2016,8:00 pm,Los Angeles Clippers,114,New Orleans Pelicans,96,Box Score,,
Fri Dec 2 2016,7:30 pm,Minnesota Timberwolves,114,New York Knicks,118,Box Score,,
Fri Dec 2 2016,7:00 pm,Orlando Magic,105,Philadelphia 76ers,88,Box Score,,
Fri Dec 2 2016,8:30 pm,Washington Wizards,105,San Antonio Spurs,107,Box Score,,
Fri Dec 2 2016,7:30 pm,Los Angeles Lakers,80,Toronto Raptors,113,Box Score,,
Sat Dec 3 2016,7:00 pm,Minnesota Timberwolves,125,Charlotte Hornets,120,Box Score,OT,
Sat Dec 3 2016,8:30 pm,Chicago Bulls,82,Dallas Mavericks,107,Box Score,,
Sat Dec 3 2016,10:30 pm,Phoenix Suns,109,Golden State Warriors,138,Box Score,,
Sat Dec 3 2016,8:00 pm,Los Angeles Lakers,100,Memphis Grizzlies,103,Box Score,,
Sat Dec 3 2016,5:00 pm,Brooklyn Nets,103,Milwaukee Bucks,112,Box Score,,
Sat Dec 3 2016,7:30 pm,Boston Celtics,107,Philadelphia 76ers,106,Box Score,,
Sat Dec 3 2016,10:00 pm,Miami Heat,92,Portland Trail Blazers,99,Box Score,,
Sat Dec 3 2016,7:30 pm,Atlanta Hawks,84,Toronto Raptors,128,Box Score,,
Sat Dec 3 2016,9:00 pm,Denver Nuggets,98,Utah Jazz,105,Box Score,,
Sun Dec 4 2016,6:00 pm,Orlando Magic,98,Detroit Pistons,92,Box Score,,
Sun Dec 4 2016,9:30 pm,Indiana Pacers,111,Los Angeles Clippers,102,Box Score,,
Sun Dec 4 2016,7:30 pm,Sacramento Kings,98,New York Knicks,106,Box Score,,
Sun Dec 4 2016,7:00 pm,New Orleans Pelicans,92,Oklahoma City Thunder,101,Box Score,,
Mon Dec 5 2016,7:30 pm,Oklahoma City Thunder,102,Atlanta Hawks,99,Box Score,,
Mon Dec 5 2016,7:30 pm,Washington Wizards,118,Brooklyn Nets,113,Box Score,,
Mon Dec 5 2016,8:00 pm,Portland Trail Blazers,112,Chicago Bulls,110,Box Score,,
Mon Dec 5 2016,8:30 pm,Charlotte Hornets,109,Dallas Mavericks,101,Box Score,,
Mon Dec 5 2016,10:30 pm,Indiana Pacers,106,Golden State Warriors,142,Box Score,,
Mon Dec 5 2016,8:00 pm,Boston Celtics,106,Houston Rockets,107,Box Score,,
Mon Dec 5 2016,10:30 pm,Utah Jazz,107,Los Angeles Lakers,101,Box Score,,
Mon Dec 5 2016,8:00 pm,San Antonio Spurs,97,Milwaukee Bucks,96,Box Score,,
Mon Dec 5 2016,8:00 pm,Memphis Grizzlies,110,New Orleans Pelicans,108,Box Score,2OT,
Mon Dec 5 2016,7:00 pm,Denver Nuggets,106,Philadelphia 76ers,98,Box Score,,
Mon Dec 5 2016,7:30 pm,Cleveland Cavaliers,116,Toronto Raptors,112,Box Score,,
Tue Dec 6 2016,7:30 pm,Chicago Bulls,91,Detroit Pistons,102,Box Score,,
Tue Dec 6 2016,8:00 pm,Philadelphia 76ers,91,Memphis Grizzlies,96,Box Score,,
Tue Dec 6 2016,7:30 pm,New York Knicks,114,Miami Heat,103,Box Score,,
Tue Dec 6 2016,8:00 pm,San Antonio Spurs,105,Minnesota Timberwolves,91,Box Score,,
Tue Dec 6 2016,9:00 pm,Phoenix Suns,105,Utah Jazz,112,Box Score,,
Tue Dec 6 2016,7:00 pm,Orlando Magic,124,Washington Wizards,116,Box Score,,
Wed Dec 7 2016,7:30 pm,Miami Heat,95,Atlanta Hawks,103,Box Score,,
Wed Dec 7 2016,7:30 pm,Denver Nuggets,111,Brooklyn Nets,116,Box Score,,
Wed Dec 7 2016,7:00 pm,Detroit Pistons,77,Charlotte Hornets,87,Box Score,,
Wed Dec 7 2016,8:30 pm,Sacramento Kings,120,Dallas Mavericks,89,Box Score,,
Wed Dec 7 2016,8:00 pm,Los Angeles Lakers,95,Houston Rockets,134,Box Score,,
Wed Dec 7 2016,10:30 pm,Golden State Warriors,115,Los Angeles Clippers,98,Box Score,,
Wed Dec 7 2016,8:00 pm,Portland Trail Blazers,107,Milwaukee Bucks,115,Box Score,,
Wed Dec 7 2016,8:00 pm,Cleveland Cavaliers,126,New York Knicks,94,Box Score,,
Wed Dec 7 2016,7:00 pm,Boston Celtics,117,Orlando Magic,87,Box Score,,
Wed Dec 7 2016,9:00 pm,Indiana Pacers,109,Phoenix Suns,94,Box Score,,
Thu Dec 8 2016,9:30 pm,San Antonio Spurs,91,Chicago Bulls,95,Box Score,,
Thu Dec 8 2016,8:00 pm,Portland Trail Blazers,86,Memphis Grizzlies,88,Box Score,,
Thu Dec 8 2016,8:00 pm,Philadelphia 76ers,99,New Orleans Pelicans,88,Box Score,,
Thu Dec 8 2016,7:00 pm,Minnesota Timberwolves,110,Toronto Raptors,124,Box Score,,
Thu Dec 8 2016,9:00 pm,Golden State Warriors,106,Utah Jazz,99,Box Score,,
Thu Dec 8 2016,7:00 pm,Denver Nuggets,85,Washington Wizards,92,Box Score,,
Fri Dec 9 2016,7:30 pm,Toronto Raptors,101,Boston Celtics,94,Box Score,,
Fri Dec 9 2016,7:00 pm,Orlando Magic,88,Charlotte Hornets,109,Box Score,,
Fri Dec 9 2016,7:30 pm,Miami Heat,84,Cleveland Cavaliers,114,Box Score,,
Fri Dec 9 2016,8:30 pm,Indiana Pacers,103,Dallas Mavericks,111,Box Score,,
Fri Dec 9 2016,10:30 pm,Phoenix Suns,119,Los Angeles Lakers,115,Box Score,,
Fri Dec 9 2016,8:00 pm,Atlanta Hawks,114,Milwaukee Bucks,110,Box Score,,
Fri Dec 9 2016,8:00 pm,Detroit Pistons,117,Minnesota Timberwolves,90,Box Score,,
Fri Dec 9 2016,8:00 pm,Houston Rockets,102,Oklahoma City Thunder,99,Box Score,,
Fri Dec 9 2016,10:30 pm,New York Knicks,103,Sacramento Kings,100,Box Score,,
Sat Dec 10 2016,8:00 pm,Miami Heat,100,Chicago Bulls,105,Box Score,,
Sat Dec 10 2016,7:30 pm,Charlotte Hornets,105,Cleveland Cavaliers,116,Box Score,,
Sat Dec 10 2016,8:00 pm,Dallas Mavericks,87,Houston Rockets,109,Box Score,,
Sat Dec 10 2016,7:00 pm,Portland Trail Blazers,111,Indiana Pacers,118,Box Score,,
Sat Dec 10 2016,10:30 pm,New Orleans Pelicans,105,Los Angeles Clippers,133,Box Score,,
Sat Dec 10 2016,8:00 pm,Golden State Warriors,89,Memphis Grizzlies,110,Box Score,,
Sat Dec 10 2016,7:00 pm,Denver Nuggets,121,Orlando Magic,113,Box Score,,
Sat Dec 10 2016,8:30 pm,Brooklyn Nets,101,San Antonio Spurs,130,Box Score,,
Sat Dec 10 2016,9:00 pm,Sacramento Kings,84,Utah Jazz,104,Box Score,,
Sat Dec 10 2016,7:00 pm,Milwaukee Bucks,105,Washington Wizards,110,Box Score,,
Sun Dec 11 2016,6:00 pm,Philadelphia 76ers,97,Detroit Pistons,79,Box Score,,
Sun Dec 11 2016,9:30 pm,New York Knicks,118,Los Angeles Lakers,112,Box Score,,
Sun Dec 11 2016,7:00 pm,Golden State Warriors,116,Minnesota Timberwolves,108,Box Score,,
Sun Dec 11 2016,7:00 pm,Boston Celtics,96,Oklahoma City Thunder,99,Box Score,,
Sun Dec 11 2016,8:30 pm,New Orleans Pelicans,120,Phoenix Suns,119,Box Score,OT,
Mon Dec 12 2016,8:30 pm,Denver Nuggets,92,Dallas Mavericks,112,Box Score,,
Mon Dec 12 2016,8:00 pm,Brooklyn Nets,118,Houston Rockets,122,Box Score,,
Mon Dec 12 2016,7:00 pm,Charlotte Hornets,94,Indiana Pacers,110,Box Score,,
Mon Dec 12 2016,10:30 pm,Portland Trail Blazers,120,Los Angeles Clippers,121,Box Score,,
Mon Dec 12 2016,7:30 pm,Washington Wizards,101,Miami Heat,112,Box Score,,
Mon Dec 12 2016,10:30 pm,Los Angeles Lakers,92,Sacramento Kings,116,Box Score,,
Mon Dec 12 2016,7:30 pm,Milwaukee Bucks,100,Toronto Raptors,122,Box Score,,
Tue Dec 13 2016,7:30 pm,Orlando Magic,131,Atlanta Hawks,120,Box Score,,
Tue Dec 13 2016,8:00 pm,Minnesota Timberwolves,99,Chicago Bulls,94,Box Score,,
Tue Dec 13 2016,7:00 pm,Memphis Grizzlies,86,Cleveland Cavaliers,103,Box Score,,
Tue Dec 13 2016,8:00 pm,Golden State Warriors,113,New Orleans Pelicans,109,Box Score,,
Tue Dec 13 2016,9:00 pm,New York Knicks,111,Phoenix Suns,113,Box Score,OT,
Tue Dec 13 2016,10:30 pm,Oklahoma City Thunder,95,Portland Trail Blazers,114,Box Score,,
Wed Dec 14 2016,7:30 pm,Los Angeles Lakers,97,Brooklyn Nets,107,Box Score,,
Wed Dec 14 2016,8:30 pm,Detroit Pistons,95,Dallas Mavericks,85,Box Score,,
Wed Dec 14 2016,8:00 pm,Sacramento Kings,98,Houston Rockets,132,Box Score,,
Wed Dec 14 2016,8:00 pm,Cleveland Cavaliers,85,Memphis Grizzlies,93,Box Score,,
Wed Dec 14 2016,7:00 pm,Indiana Pacers,89,Miami Heat,95,Box Score,,
Wed Dec 14 2016,7:00 pm,Los Angeles Clippers,113,Orlando Magic,108,Box Score,,
Wed Dec 14 2016,7:00 pm,Toronto Raptors,123,Philadelphia 76ers,114,Box Score,,
Wed Dec 14 2016,9:30 pm,Boston Celtics,101,San Antonio Spurs,108,Box Score,,
Wed Dec 14 2016,9:00 pm,Oklahoma City Thunder,89,Utah Jazz,109,Box Score,,
Wed Dec 14 2016,7:00 pm,Charlotte Hornets,106,Washington Wizards,109,Box Score,,
Thu Dec 15 2016,9:00 pm,Portland Trail Blazers,120,Denver Nuggets,132,Box Score,,
Thu Dec 15 2016,10:30 pm,New York Knicks,90,Golden State Warriors,103,Box Score,,
Thu Dec 15 2016,8:00 pm,Chicago Bulls,97,Milwaukee Bucks,108,Box Score,,
Thu Dec 15 2016,8:00 pm,Indiana Pacers,95,New Orleans Pelicans,102,Box Score,,
Thu Dec 15 2016,9:00 pm,San Antonio Spurs,107,Phoenix Suns,92,Box Score,,
Fri Dec 16 2016,7:30 pm,Charlotte Hornets,88,Boston Celtics,96,Box Score,,
Fri Dec 16 2016,8:00 pm,Milwaukee Bucks,95,Chicago Bulls,69,Box Score,,
Fri Dec 16 2016,8:00 pm,New Orleans Pelicans,100,Houston Rockets,122,Box Score,,
Fri Dec 16 2016,8:00 pm,Sacramento Kings,96,Memphis Grizzlies,92,Box Score,,
Fri Dec 16 2016,8:00 pm,Los Angeles Clippers,102,Miami Heat,98,Box Score,,
Fri Dec 16 2016,7:00 pm,Brooklyn Nets,111,Orlando Magic,118,Box Score,,
Fri Dec 16 2016,8:00 pm,Los Angeles Lakers,100,Philadelphia 76ers,89,Box Score,,
Fri Dec 16 2016,7:30 pm,Atlanta Hawks,125,Toronto Raptors,121,Box Score,,
Fri Dec 16 2016,10:30 pm,Dallas Mavericks,100,Utah Jazz,103,Box Score,,
Fri Dec 16 2016,7:00 pm,Detroit Pistons,108,Washington Wizards,122,Box Score,,
Sat Dec 17 2016,7:30 pm,Charlotte Hornets,107,Atlanta Hawks,99,Box Score,,
Sat Dec 17 2016,7:30 pm,Los Angeles Lakers,108,Cleveland Cavaliers,119,Box Score,,
Sat Dec 17 2016,9:00 pm,New York Knicks,114,Denver Nuggets,127,Box Score,,
Sat Dec 17 2016,7:00 pm,Indiana Pacers,105,Detroit Pistons,90,Box Score,,
Sat Dec 17 2016,10:30 pm,Portland Trail Blazers,90,Golden State Warriors,135,Box Score,,
Sat Dec 17 2016,8:00 pm,Houston Rockets,111,Minnesota Timberwolves,109,Box Score,OT,
Sat Dec 17 2016,5:00 pm,Phoenix Suns,101,Oklahoma City Thunder,114,Box Score,,
Sun Dec 18 2016,4:00 pm,Sacramento Kings,79,Dallas Mavericks,99,Box Score,,
Sun Dec 18 2016,6:00 pm,Utah Jazz,82,Memphis Grizzlies,73,Box Score,,
Sun Dec 18 2016,6:00 pm,Boston Celtics,105,Miami Heat,95,Box Score,,
Sun Dec 18 2016,6:00 pm,Toronto Raptors,109,Orlando Magic,79,Box Score,,
Sun Dec 18 2016,6:00 pm,Brooklyn Nets,107,Philadelphia 76ers,108,Box Score,,
Sun Dec 18 2016,7:00 pm,New Orleans Pelicans,100,San Antonio Spurs,113,Box Score,,
Sun Dec 18 2016,3:30 pm,Los Angeles Clippers,110,Washington Wizards,117,Box Score,,
Mon Dec 19 2016,8:00 pm,Detroit Pistons,82,Chicago Bulls,113,Box Score,,
Mon Dec 19 2016,9:00 pm,Dallas Mavericks,107,Denver Nuggets,117,Box Score,,
Mon Dec 19 2016,7:00 pm,Washington Wizards,105,Indiana Pacers,107,Box Score,,
Mon Dec 19 2016,8:00 pm,Phoenix Suns,108,Minnesota Timberwolves,115,Box Score,,
Mon Dec 19 2016,8:00 pm,Atlanta Hawks,110,Oklahoma City Thunder,108,Box Score,,
Tue Dec 20 2016,7:00 pm,Los Angeles Lakers,113,Charlotte Hornets,117,Box Score,,
Tue Dec 20 2016,10:30 pm,Utah Jazz,74,Golden State Warriors,104,Box Score,,
Tue Dec 20 2016,8:00 pm,San Antonio Spurs,102,Houston Rockets,100,Box Score,,
Tue Dec 20 2016,10:30 pm,Denver Nuggets,102,Los Angeles Clippers,119,Box Score,,
Tue Dec 20 2016,8:00 pm,Boston Celtics,112,Memphis Grizzlies,109,Box Score,OT,
Tue Dec 20 2016,7:30 pm,Orlando Magic,136,Miami Heat,130,Box Score,2OT,
Tue Dec 20 2016,8:00 pm,Cleveland Cavaliers,114,Milwaukee Bucks,108,Box Score,OT,
Tue Dec 20 2016,7:30 pm,Indiana Pacers,111,New York Knicks,118,Box Score,,
Tue Dec 20 2016,7:00 pm,New Orleans Pelicans,108,Philadelphia 76ers,93,Box Score,,
Tue Dec 20 2016,10:30 pm,Portland Trail Blazers,121,Sacramento Kings,126,Box Score,,
Tue Dec 20 2016,7:30 pm,Brooklyn Nets,104,Toronto Raptors,116,Box Score,,
Wed Dec 21 2016,7:30 pm,Minnesota Timberwolves,92,Atlanta Hawks,84,Box Score,,
Wed Dec 21 2016,8:00 pm,Washington Wizards,107,Chicago Bulls,97,Box Score,,
Wed Dec 21 2016,7:00 pm,Milwaukee Bucks,102,Cleveland Cavaliers,113,Box Score,,
Wed Dec 21 2016,7:30 pm,Memphis Grizzlies,98,Detroit Pistons,86,Box Score,,
Wed Dec 21 2016,8:00 pm,Oklahoma City Thunder,121,New Orleans Pelicans,110,Box Score,,
Wed Dec 21 2016,9:00 pm,Houston Rockets,125,Phoenix Suns,111,Box Score,,
Wed Dec 21 2016,10:00 pm,Dallas Mavericks,96,Portland Trail Blazers,95,Box Score,,
Wed Dec 21 2016,9:00 pm,Sacramento Kings,94,Utah Jazz,93,Box Score,,
Thu Dec 22 2016,7:30 pm,Golden State Warriors,117,Brooklyn Nets,101,Box Score,,
Thu Dec 22 2016,7:00 pm,Boston Celtics,109,Indiana Pacers,102,Box Score,,
Thu Dec 22 2016,10:30 pm,San Antonio Spurs,101,Los Angeles Clippers,106,Box Score,,
Thu Dec 22 2016,8:00 pm,Los Angeles Lakers,107,Miami Heat,115,Box Score,,
Thu Dec 22 2016,7:30 pm,Orlando Magic,95,New York Knicks,106,Box Score,,
Fri Dec 23 2016,7:30 pm,Oklahoma City Thunder,117,Boston Celtics,112,Box Score,,
Fri Dec 23 2016,7:00 pm,Chicago Bulls,91,Charlotte Hornets,103,Box Score,,
Fri Dec 23 2016,7:30 pm,Brooklyn Nets,99,Cleveland Cavaliers,119,Box Score,,
Fri Dec 23 2016,9:00 pm,Atlanta Hawks,109,Denver Nuggets,108,Box Score,,
Fri Dec 23 2016,7:30 pm,Golden State Warriors,119,Detroit Pistons,113,Box Score,,
Fri Dec 23 2016,10:30 pm,Dallas Mavericks,90,Los Angeles Clippers,88,Box Score,,
Fri Dec 23 2016,8:00 pm,Houston Rockets,109,Memphis Grizzlies,115,Box Score,,
Fri Dec 23 2016,8:00 pm,Washington Wizards,96,Milwaukee Bucks,123,Box Score,,
Fri Dec 23 2016,8:00 pm,Sacramento Kings,109,Minnesota Timberwolves,105,Box Score,,
Fri Dec 23 2016,8:00 pm,Miami Heat,87,New Orleans Pelicans,91,Box Score,,
Fri Dec 23 2016,7:00 pm,Los Angeles Lakers,90,Orlando Magic,109,Box Score,,
Fri Dec 23 2016,9:00 pm,Philadelphia 76ers,116,Phoenix Suns,123,Box Score,,
Fri Dec 23 2016,10:00 pm,San Antonio Spurs,110,Portland Trail Blazers,90,Box Score,,
Fri Dec 23 2016,9:00 pm,Toronto Raptors,104,Utah Jazz,98,Box Score,,
Sun Dec 25 2016,2:30 pm,Golden State Warriors,108,Cleveland Cavaliers,109,Box Score,,
Sun Dec 25 2016,10:30 pm,Los Angeles Clippers,102,Los Angeles Lakers,111,Box Score,,
Sun Dec 25 2016,12:00 pm,Boston Celtics,119,New York Knicks,114,Box Score,,
Sun Dec 25 2016,8:00 pm,Minnesota Timberwolves,100,Oklahoma City Thunder,112,Box Score,,
Sun Dec 25 2016,5:00 pm,Chicago Bulls,100,San Antonio Spurs,119,Box Score,,
Mon Dec 26 2016,7:30 pm,Charlotte Hornets,118,Brooklyn Nets,120,Box Score,,
Mon Dec 26 2016,8:00 pm,Indiana Pacers,85,Chicago Bulls,90,Box Score,,
Mon Dec 26 2016,7:30 pm,Cleveland Cavaliers,90,Detroit Pistons,106,Box Score,,
Mon Dec 26 2016,8:00 pm,Phoenix Suns,115,Houston Rockets,131,Box Score,,
Mon Dec 26 2016,10:30 pm,Denver Nuggets,106,Los Angeles Clippers,102,Box Score,,
Mon Dec 26 2016,8:00 pm,Atlanta Hawks,90,Minnesota Timberwolves,104,Box Score,,
Mon Dec 26 2016,8:00 pm,Dallas Mavericks,104,New Orleans Pelicans,111,Box Score,,
Mon Dec 26 2016,7:00 pm,Memphis Grizzlies,102,Orlando Magic,112,Box Score,,
Mon Dec 26 2016,10:00 pm,Toronto Raptors,95,Portland Trail Blazers,91,Box Score,,
Mon Dec 26 2016,10:30 pm,Philadelphia 76ers,100,Sacramento Kings,102,Box Score,,
Mon Dec 26 2016,7:00 pm,Milwaukee Bucks,102,Washington Wizards,107,Box Score,,
Tue Dec 27 2016,7:30 pm,Memphis Grizzlies,103,Boston Celtics,113,Box Score,,
Tue Dec 27 2016,8:30 pm,Houston Rockets,123,Dallas Mavericks,107,Box Score,,
Tue Dec 27 2016,10:30 pm,Utah Jazz,102,Los Angeles Lakers,100,Box Score,,
Tue Dec 27 2016,7:30 pm,Oklahoma City Thunder,106,Miami Heat,94,Box Score,,
Wed Dec 28 2016,7:30 pm,New York Knicks,98,Atlanta Hawks,102,Box Score,OT,
Wed Dec 28 2016,8:00 pm,Brooklyn Nets,99,Chicago Bulls,101,Box Score,,
Wed Dec 28 2016,9:00 pm,Minnesota Timberwolves,103,Denver Nuggets,105,Box Score,,
Wed Dec 28 2016,7:30 pm,Milwaukee Bucks,119,Detroit Pistons,94,Box Score,,
Wed Dec 28 2016,10:30 pm,Toronto Raptors,111,Golden State Warriors,121,Box Score,,
Wed Dec 28 2016,8:00 pm,Los Angeles Clippers,98,New Orleans Pelicans,102,Box Score,,
Wed Dec 28 2016,7:00 pm,Charlotte Hornets,120,Orlando Magic,101,Box Score,,
Wed Dec 28 2016,10:00 pm,Sacramento Kings,89,Portland Trail Blazers,102,Box Score,,
Wed Dec 28 2016,8:30 pm,Phoenix Suns,98,San Antonio Spurs,119,Box Score,,
Wed Dec 28 2016,7:00 pm,Indiana Pacers,105,Washington Wizards,111,Box Score,,
Thu Dec 29 2016,7:00 pm,Miami Heat,82,Charlotte Hornets,91,Box Score,,
Thu Dec 29 2016,8:00 pm,Boston Celtics,118,Cleveland Cavaliers,124,Box Score,,
Thu Dec 29 2016,10:30 pm,Dallas Mavericks,101,Los Angeles Lakers,89,Box Score,,
Thu Dec 29 2016,8:00 pm,Oklahoma City Thunder,80,Memphis Grizzlies,114,Box Score,,
Thu Dec 29 2016,9:00 pm,Toronto Raptors,91,Phoenix Suns,99,Box Score,,
Thu Dec 29 2016,9:00 pm,Philadelphia 76ers,83,Utah Jazz,100,Box Score,,
Fri Dec 30 2016,8:00 pm,Detroit Pistons,98,Atlanta Hawks,105,Box Score,,
Fri Dec 30 2016,7:30 pm,Miami Heat,114,Boston Celtics,117,Box Score,,
Fri Dec 30 2016,9:00 pm,Philadelphia 76ers,124,Denver Nuggets,122,Box Score,,
Fri Dec 30 2016,10:30 pm,Dallas Mavericks,99,Golden State Warriors,108,Box Score,,
Fri Dec 30 2016,8:00 pm,Los Angeles Clippers,116,Houston Rockets,140,Box Score,,
Fri Dec 30 2016,4:00 pm,Chicago Bulls,101,Indiana Pacers,111,Box Score,,
Fri Dec 30 2016,8:00 pm,Milwaukee Bucks,99,Minnesota Timberwolves,116,Box Score,,
Fri Dec 30 2016,8:00 pm,New York Knicks,92,New Orleans Pelicans,104,Box Score,,
Fri Dec 30 2016,8:30 pm,Portland Trail Blazers,94,San Antonio Spurs,110,Box Score,,
Fri Dec 30 2016,7:00 pm,Brooklyn Nets,95,Washington Wizards,118,Box Score,,
Sat Dec 31 2016,7:00 pm,Milwaukee Bucks,116,Chicago Bulls,96,Box Score,,
Sat Dec 31 2016,7:00 pm,Cleveland Cavaliers,121,Charlotte Hornets,109,Box Score,,
Sat Dec 31 2016,8:00 pm,New York Knicks,122,Houston Rockets,129,Box Score,,
Sat Dec 31 2016,8:00 pm,Los Angeles Clippers,88,Oklahoma City Thunder,114,Box Score,,
Sat Dec 31 2016,5:00 pm,Memphis Grizzlies,112,Sacramento Kings,98,Box Score,,
Sat Dec 31 2016,8:00 pm,Phoenix Suns,86,Utah Jazz,91,Box Score,,
Sun Jan 1 2017,6:00 pm,San Antonio Spurs,112,Atlanta Hawks,114,Box Score,OT,
Sun Jan 1 2017,6:00 pm,Orlando Magic,104,Indiana Pacers,117,Box Score,,
Sun Jan 1 2017,9:30 pm,Toronto Raptors,123,Los Angeles Lakers,114,Box Score,,
Sun Jan 1 2017,6:00 pm,Detroit Pistons,107,Miami Heat,98,Box Score,,
Sun Jan 1 2017,7:00 pm,Portland Trail Blazers,95,Minnesota Timberwolves,89,Box Score,,
Mon Jan 2 2017,7:30 pm,Utah Jazz,101,Brooklyn Nets,89,Box Score,,
Mon Jan 2 2017,8:00 pm,Charlotte Hornets,111,Chicago Bulls,118,Box Score,,
Mon Jan 2 2017,7:00 pm,New Orleans Pelicans,82,Cleveland Cavaliers,90,Box Score,,
Mon Jan 2 2017,10:30 pm,Denver Nuggets,119,Golden State Warriors,127,Box Score,,
Mon Jan 2 2017,8:00 pm,Washington Wizards,91,Houston Rockets,101,Box Score,,
Mon Jan 2 2017,10:30 pm,Phoenix Suns,98,Los Angeles Clippers,109,Box Score,,
Mon Jan 2 2017,7:00 pm,Oklahoma City Thunder,94,Milwaukee Bucks,98,Box Score,,
Mon Jan 2 2017,7:30 pm,Orlando Magic,115,New York Knicks,103,Box Score,,
Tue Jan 3 2017,7:30 pm,Utah Jazz,104,Boston Celtics,115,Box Score,,
Tue Jan 3 2017,8:30 pm,Washington Wizards,105,Dallas Mavericks,113,Box Score,,
Tue Jan 3 2017,9:00 pm,Sacramento Kings,120,Denver Nuggets,113,Box Score,,
Tue Jan 3 2017,7:30 pm,Indiana Pacers,121,Detroit Pistons,116,Box Score,,
Tue Jan 3 2017,10:30 pm,Memphis Grizzlies,102,Los Angeles Lakers,116,Box Score,,
Tue Jan 3 2017,7:00 pm,Minnesota Timberwolves,91,Philadelphia 76ers,93,Box Score,,
Tue Jan 3 2017,9:00 pm,Miami Heat,90,Phoenix Suns,99,Box Score,,
Tue Jan 3 2017,8:30 pm,Toronto Raptors,82,San Antonio Spurs,110,Box Score,,
Wed Jan 4 2017,7:00 pm,Oklahoma City Thunder,112,Charlotte Hornets,123,Box Score,,
Wed Jan 4 2017,8:00 pm,Chicago Bulls,106,Cleveland Cavaliers,94,Box Score,,
Wed Jan 4 2017,10:30 pm,Portland Trail Blazers,117,Golden State Warriors,125,Box Score,,
Wed Jan 4 2017,10:30 pm,Memphis Grizzlies,106,Los Angeles Clippers,115,Box Score,,
Wed Jan 4 2017,7:30 pm,Milwaukee Bucks,105,New York Knicks,104,Box Score,,
Wed Jan 4 2017,7:00 pm,Atlanta Hawks,111,Orlando Magic,92,Box Score,,
Wed Jan 4 2017,10:30 pm,Miami Heat,107,Sacramento Kings,102,Box Score,,
Thu Jan 5 2017,8:30 pm,Phoenix Suns,102,Dallas Mavericks,95,Box Score,,
Thu Jan 5 2017,9:00 pm,San Antonio Spurs,127,Denver Nuggets,99,Box Score,,
Thu Jan 5 2017,7:30 pm,Charlotte Hornets,114,Detroit Pistons,115,Box Score,,
Thu Jan 5 2017,8:00 pm,Oklahoma City Thunder,116,Houston Rockets,118,Box Score,,
Thu Jan 5 2017,7:00 pm,Brooklyn Nets,109,Indiana Pacers,121,Box Score,,
Thu Jan 5 2017,8:00 pm,Atlanta Hawks,99,New Orleans Pelicans,94,Box Score,,
Thu Jan 5 2017,10:30 pm,Los Angeles Lakers,109,Portland Trail Blazers,118,Box Score,,
Thu Jan 5 2017,7:30 pm,Utah Jazz,93,Toronto Raptors,101,Box Score,,
Fri Jan 6 2017,7:30 pm,Philadelphia 76ers,106,Boston Celtics,110,Box Score,,
Fri Jan 6 2017,7:30 pm,Cleveland Cavaliers,116,Brooklyn Nets,108,Box Score,,
Fri Jan 6 2017,10:30 pm,Memphis Grizzlies,128,Golden State Warriors,119,Box Score,OT,
Fri Jan 6 2017,10:30 pm,Miami Heat,100,Los Angeles Lakers,127,Box Score,,
Fri Jan 6 2017,8:00 pm,New York Knicks,116,Milwaukee Bucks,111,Box Score,,
Fri Jan 6 2017,7:00 pm,Houston Rockets,100,Orlando Magic,93,Box Score,,
Fri Jan 6 2017,10:30 pm,Los Angeles Clippers,106,Sacramento Kings,98,Box Score,,
Fri Jan 6 2017,7:00 pm,Minnesota Timberwolves,105,Washington Wizards,112,Box Score,,
Sat Jan 7 2017,7:30 pm,New Orleans Pelicans,108,Boston Celtics,117,Box Score,,
Sat Jan 7 2017,8:00 pm,Toronto Raptors,118,Chicago Bulls,123,Box Score,OT,
Sat Jan 7 2017,8:30 pm,Atlanta Hawks,97,Dallas Mavericks,82,Box Score,,
Sat Jan 7 2017,7:00 pm,New York Knicks,109,Indiana Pacers,123,Box Score,,
Sat Jan 7 2017,8:00 pm,Utah Jazz,94,Minnesota Timberwolves,92,Box Score,,
Sat Jan 7 2017,8:00 pm,Denver Nuggets,106,Oklahoma City Thunder,121,Box Score,,
Sat Jan 7 2017,8:30 pm,Charlotte Hornets,85,San Antonio Spurs,102,Box Score,,
Sun Jan 8 2017,12:00 pm,Philadelphia 76ers,105,Brooklyn Nets,95,Box Score,,
Sun Jan 8 2017,3:30 pm,Miami Heat,86,Los Angeles Clippers,98,Box Score,,
Sun Jan 8 2017,9:30 pm,Orlando Magic,95,Los Angeles Lakers,111,Box Score,,
Sun Jan 8 2017,8:00 pm,Utah Jazz,79,Memphis Grizzlies,88,Box Score,,
Sun Jan 8 2017,2:00 pm,Washington Wizards,107,Milwaukee Bucks,101,Box Score,,
Sun Jan 8 2017,8:30 pm,Cleveland Cavaliers,120,Phoenix Suns,116,Box Score,,
Sun Jan 8 2017,9:00 pm,Detroit Pistons,125,Portland Trail Blazers,124,Box Score,2OT,
Sun Jan 8 2017,9:00 pm,Golden State Warriors,117,Sacramento Kings,106,Box Score,,
Sun Jan 8 2017,6:00 pm,Houston Rockets,129,Toronto Raptors,122,Box Score,,
Mon Jan 9 2017,8:00 pm,Oklahoma City Thunder,109,Chicago Bulls,94,Box Score,,
Mon Jan 9 2017,8:00 pm,Dallas Mavericks,92,Minnesota Timberwolves,101,Box Score,,
Mon Jan 9 2017,7:30 pm,New Orleans Pelicans,110,New York Knicks,96,Box Score,,
Tue Jan 10 2017,7:30 pm,Atlanta Hawks,117,Brooklyn Nets,97,Box Score,,
Tue Jan 10 2017,10:30 pm,Miami Heat,95,Golden State Warriors,107,Box Score,,
Tue Jan 10 2017,8:00 pm,Charlotte Hornets,114,Houston Rockets,121,Box Score,,
Tue Jan 10 2017,10:30 pm,Portland Trail Blazers,108,Los Angeles Lakers,87,Box Score,,
Tue Jan 10 2017,10:30 pm,Detroit Pistons,94,Sacramento Kings,100,Box Score,,
Tue Jan 10 2017,8:30 pm,Milwaukee Bucks,109,San Antonio Spurs,107,Box Score,,
Tue Jan 10 2017,7:30 pm,Boston Celtics,106,Toronto Raptors,114,Box Score,,
Tue Jan 10 2017,9:00 pm,Cleveland Cavaliers,92,Utah Jazz,100,Box Score,,
Tue Jan 10 2017,7:00 pm,Chicago Bulls,99,Washington Wizards,101,Box Score,,
Wed Jan 11 2017,8:00 pm,Washington Wizards,108,Boston Celtics,117,Box Score,,
Wed Jan 11 2017,10:30 pm,Orlando Magic,96,Los Angeles Clippers,105,Box Score,,
Wed Jan 11 2017,8:00 pm,Houston Rockets,105,Minnesota Timberwolves,119,Box Score,,
Wed Jan 11 2017,8:00 pm,Memphis Grizzlies,95,Oklahoma City Thunder,103,Box Score,,
Wed Jan 11 2017,7:00 pm,New York Knicks,97,Philadelphia 76ers,98,Box Score,,
Wed Jan 11 2017,10:30 pm,Cleveland Cavaliers,86,Portland Trail Blazers,102,Box Score,,
Thu Jan 12 2017,7:30 pm,New Orleans Pelicans,104,Brooklyn Nets,95,Box Score,,
Thu Jan 12 2017,3:00 pm,Indiana Pacers,112,Denver Nuggets,140,Box Score,,at London England
Thu Jan 12 2017,10:30 pm,Detroit Pistons,107,Golden State Warriors,127,Box Score,,
Thu Jan 12 2017,8:00 pm,Chicago Bulls,89,New York Knicks,104,Box Score,,
Thu Jan 12 2017,10:00 pm,Dallas Mavericks,113,Phoenix Suns,108,Box Score,,at Mexico City Mexico
Thu Jan 12 2017,8:30 pm,Los Angeles Lakers,94,San Antonio Spurs,134,Box Score,,
Fri Jan 13 2017,8:00 pm,Boston Celtics,103,Atlanta Hawks,101,Box Score,,
Fri Jan 13 2017,8:00 pm,Memphis Grizzlies,110,Houston Rockets,105,Box Score,,
Fri Jan 13 2017,8:00 pm,Miami Heat,108,Milwaukee Bucks,116,Box Score,,
Fri Jan 13 2017,8:00 pm,Oklahoma City Thunder,86,Minnesota Timberwolves,96,Box Score,,
Fri Jan 13 2017,7:00 pm,Charlotte Hornets,93,Philadelphia 76ers,102,Box Score,,
Fri Jan 13 2017,10:00 pm,Orlando Magic,115,Portland Trail Blazers,109,Box Score,,
Fri Jan 13 2017,10:30 pm,Cleveland Cavaliers,120,Sacramento Kings,108,Box Score,,
Fri Jan 13 2017,7:30 pm,Brooklyn Nets,113,Toronto Raptors,132,Box Score,,
Fri Jan 13 2017,10:30 pm,Detroit Pistons,77,Utah Jazz,110,Box Score,,
Sat Jan 14 2017,5:00 pm,New Orleans Pelicans,99,Chicago Bulls,107,Box Score,,
Sat Jan 14 2017,3:30 pm,Los Angeles Lakers,97,Los Angeles Clippers,113,Box Score,,
Sat Jan 14 2017,6:00 pm,San Antonio Spurs,105,Phoenix Suns,108,Box Score,,at Mexico City Mexico
Sat Jan 14 2017,9:00 pm,Orlando Magic,107,Utah Jazz,114,Box Score,,
Sat Jan 14 2017,8:00 pm,Philadelphia 76ers,93,Washington Wizards,109,Box Score,,
Sun Jan 15 2017,3:00 pm,Milwaukee Bucks,98,Atlanta Hawks,111,Box Score,,
Sun Jan 15 2017,6:00 pm,Houston Rockets,137,Brooklyn Nets,112,Box Score,,
Sun Jan 15 2017,2:00 pm,Minnesota Timberwolves,87,Dallas Mavericks,98,Box Score,,
Sun Jan 15 2017,9:30 pm,Detroit Pistons,102,Los Angeles Lakers,97,Box Score,,
Sun Jan 15 2017,9:00 pm,Chicago Bulls,108,Memphis Grizzlies,104,Box Score,,
Sun Jan 15 2017,9:00 pm,Oklahoma City Thunder,122,Sacramento Kings,118,Box Score,,
Sun Jan 15 2017,3:00 pm,New York Knicks,101,Toronto Raptors,116,Box Score,,
Mon Jan 16 2017,7:30 pm,Charlotte Hornets,98,Boston Celtics,108,Box Score,,
Mon Jan 16 2017,5:00 pm,Orlando Magic,112,Denver Nuggets,125,Box Score,,
Mon Jan 16 2017,8:00 pm,Cleveland Cavaliers,91,Golden State Warriors,126,Box Score,,
Mon Jan 16 2017,4:00 pm,New Orleans Pelicans,95,Indiana Pacers,98,Box Score,,
Mon Jan 16 2017,10:30 pm,Oklahoma City Thunder,98,Los Angeles Clippers,120,Box Score,,
Mon Jan 16 2017,3:30 pm,Philadelphia 76ers,113,Milwaukee Bucks,104,Box Score,,
Mon Jan 16 2017,1:00 pm,Atlanta Hawks,108,New York Knicks,107,Box Score,,
Mon Jan 16 2017,9:00 pm,Utah Jazz,106,Phoenix Suns,101,Box Score,,
Mon Jan 16 2017,2:00 pm,Portland Trail Blazers,101,Washington Wizards,120,Box Score,,
Tue Jan 17 2017,7:30 pm,Toronto Raptors,119,Brooklyn Nets,109,Box Score,,
Tue Jan 17 2017,8:00 pm,Dallas Mavericks,99,Chicago Bulls,98,Box Score,,
Tue Jan 17 2017,10:30 pm,Denver Nuggets,127,Los Angeles Lakers,121,Box Score,,
Tue Jan 17 2017,7:30 pm,Houston Rockets,103,Miami Heat,109,Box Score,,
Tue Jan 17 2017,8:30 pm,Minnesota Timberwolves,114,San Antonio Spurs,122,Box Score,,
Wed Jan 18 2017,7:30 pm,New York Knicks,117,Boston Celtics,106,Box Score,,
Wed Jan 18 2017,7:00 pm,Portland Trail Blazers,85,Charlotte Hornets,107,Box Score,,
Wed Jan 18 2017,8:00 pm,Atlanta Hawks,95,Detroit Pistons,118,Box Score,,
Wed Jan 18 2017,10:30 pm,Oklahoma City Thunder,100,Golden State Warriors,121,Box Score,,
Wed Jan 18 2017,8:00 pm,Milwaukee Bucks,92,Houston Rockets,111,Box Score,,
Wed Jan 18 2017,8:00 pm,Orlando Magic,98,New Orleans Pelicans,118,Box Score,,
Wed Jan 18 2017,7:00 pm,Toronto Raptors,89,Philadelphia 76ers,94,Box Score,,
Wed Jan 18 2017,10:30 pm,Indiana Pacers,106,Sacramento Kings,100,Box Score,,
Wed Jan 18 2017,7:00 pm,Memphis Grizzlies,101,Washington Wizards,104,Box Score,,
Thu Jan 19 2017,7:00 pm,Phoenix Suns,103,Cleveland Cavaliers,118,Box Score,,
Thu Jan 19 2017,10:30 pm,Minnesota Timberwolves,104,Los Angeles Clippers,101,Box Score,,
Thu Jan 19 2017,7:30 pm,Dallas Mavericks,95,Miami Heat,99,Box Score,,
Thu Jan 19 2017,8:00 pm,Washington Wizards,113,New York Knicks,110,Box Score,,
Thu Jan 19 2017,8:30 pm,Denver Nuggets,104,San Antonio Spurs,118,Box Score,,
Fri Jan 20 2017,8:00 pm,Chicago Bulls,93,Atlanta Hawks,102,Box Score,,
Fri Jan 20 2017,7:00 pm,Toronto Raptors,78,Charlotte Hornets,113,Box Score,,
Fri Jan 20 2017,8:30 pm,Utah Jazz,112,Dallas Mavericks,107,Box Score,OT,
Fri Jan 20 2017,8:00 pm,Golden State Warriors,125,Houston Rockets,108,Box Score,,
Fri Jan 20 2017,10:30 pm,Indiana Pacers,95,Los Angeles Lakers,108,Box Score,,
Fri Jan 20 2017,8:00 pm,Sacramento Kings,91,Memphis Grizzlies,107,Box Score,,
Fri Jan 20 2017,8:00 pm,Brooklyn Nets,143,New Orleans Pelicans,114,Box Score,,
Fri Jan 20 2017,7:00 pm,Milwaukee Bucks,96,Orlando Magic,112,Box Score,,
Fri Jan 20 2017,7:00 pm,Portland Trail Blazers,92,Philadelphia 76ers,93,Box Score,,
Sat Jan 21 2017,7:00 pm,Philadelphia 76ers,93,Atlanta Hawks,110,Box Score,,
Sat Jan 21 2017,5:00 pm,Portland Trail Blazers,127,Boston Celtics,123,Box Score,OT,
Sat Jan 21 2017,9:00 pm,Sacramento Kings,99,Chicago Bulls,102,Box Score,,
Sat Jan 21 2017,7:00 pm,Brooklyn Nets,105,Charlotte Hornets,112,Box Score,,
Sat Jan 21 2017,8:30 pm,San Antonio Spurs,118,Cleveland Cavaliers,115,Box Score,OT,
Sat Jan 21 2017,9:00 pm,Los Angeles Clippers,98,Denver Nuggets,123,Box Score,,
Sat Jan 21 2017,6:00 pm,Washington Wizards,112,Detroit Pistons,113,Box Score,,
Sat Jan 21 2017,8:00 pm,Houston Rockets,119,Memphis Grizzlies,95,Box Score,,
Sat Jan 21 2017,7:30 pm,Milwaukee Bucks,97,Miami Heat,109,Box Score,,
Sat Jan 21 2017,7:30 pm,Phoenix Suns,107,New York Knicks,105,Box Score,,
Sat Jan 21 2017,9:00 pm,Indiana Pacers,100,Utah Jazz,109,Box Score,,
Sun Jan 22 2017,3:30 pm,Los Angeles Lakers,73,Dallas Mavericks,122,Box Score,,
Sun Jan 22 2017,7:00 pm,Denver Nuggets,108,Minnesota Timberwolves,111,Box Score,,
Sun Jan 22 2017,12:00 pm,Golden State Warriors,118,Orlando Magic,98,Box Score,,
Sun Jan 22 2017,6:00 pm,Phoenix Suns,115,Toronto Raptors,103,Box Score,,
Mon Jan 23 2017,7:30 pm,Los Angeles Clippers,115,Atlanta Hawks,105,Box Score,,
Mon Jan 23 2017,7:30 pm,San Antonio Spurs,112,Brooklyn Nets,86,Box Score,,
Mon Jan 23 2017,7:00 pm,Washington Wizards,109,Charlotte Hornets,99,Box Score,,
Mon Jan 23 2017,7:30 pm,Sacramento Kings,109,Detroit Pistons,104,Box Score,,
Mon Jan 23 2017,8:00 pm,New York Knicks,109,Indiana Pacers,103,Box Score,,
Mon Jan 23 2017,7:30 pm,Golden State Warriors,102,Miami Heat,105,Box Score,,
Mon Jan 23 2017,8:00 pm,Houston Rockets,114,Milwaukee Bucks,127,Box Score,,
Mon Jan 23 2017,8:00 pm,Cleveland Cavaliers,122,New Orleans Pelicans,124,Box Score,,
Mon Jan 23 2017,9:00 pm,Oklahoma City Thunder,97,Utah Jazz,95,Box Score,,
Tue Jan 24 2017,9:00 pm,Utah Jazz,93,Denver Nuggets,103,Box Score,,
Tue Jan 24 2017,7:00 pm,Chicago Bulls,100,Orlando Magic,92,Box Score,,
Tue Jan 24 2017,7:00 pm,Los Angeles Clippers,110,Philadelphia 76ers,121,Box Score,,
Tue Jan 24 2017,9:00 pm,Minnesota Timberwolves,112,Phoenix Suns,111,Box Score,,
Tue Jan 24 2017,7:00 pm,San Antonio Spurs,108,Toronto Raptors,106,Box Score,,
Tue Jan 24 2017,7:00 pm,Boston Celtics,108,Washington Wizards,123,Box Score,,
Wed Jan 25 2017,7:30 pm,Houston Rockets,109,Boston Celtics,120,Box Score,,
Wed Jan 25 2017,7:30 pm,Miami Heat,109,Brooklyn Nets,106,Box Score,,
Wed Jan 25 2017,8:00 pm,Atlanta Hawks,119,Chicago Bulls,114,Box Score,,
Wed Jan 25 2017,8:00 pm,Golden State Warriors,113,Charlotte Hornets,103,Box Score,,
Wed Jan 25 2017,7:00 pm,Sacramento Kings,116,Cleveland Cavaliers,112,Box Score,OT,
Wed Jan 25 2017,8:30 pm,New York Knicks,95,Dallas Mavericks,103,Box Score,,
Wed Jan 25 2017,8:00 pm,Toronto Raptors,99,Memphis Grizzlies,101,Box Score,,
Wed Jan 25 2017,8:00 pm,Philadelphia 76ers,114,Milwaukee Bucks,109,Box Score,,
Wed Jan 25 2017,8:00 pm,Oklahoma City Thunder,114,New Orleans Pelicans,105,Box Score,,
Wed Jan 25 2017,10:30 pm,Los Angeles Lakers,98,Portland Trail Blazers,105,Box Score,,
Thu Jan 26 2017,9:00 pm,Phoenix Suns,120,Denver Nuggets,127,Box Score,,
Thu Jan 26 2017,8:00 pm,Indiana Pacers,109,Minnesota Timberwolves,103,Box Score,,
Thu Jan 26 2017,8:00 pm,Dallas Mavericks,98,Oklahoma City Thunder,109,Box Score,,
Thu Jan 26 2017,10:30 pm,Los Angeles Lakers,88,Utah Jazz,96,Box Score,,
Fri Jan 27 2017,8:00 pm,Washington Wizards,112,Atlanta Hawks,86,Box Score,,
Fri Jan 27 2017,7:30 pm,Orlando Magic,98,Boston Celtics,128,Box Score,,
Fri Jan 27 2017,8:00 pm,Miami Heat,100,Chicago Bulls,88,Box Score,,
Fri Jan 27 2017,7:30 pm,Brooklyn Nets,116,Cleveland Cavaliers,124,Box Score,,
Fri Jan 27 2017,7:00 pm,Sacramento Kings,111,Indiana Pacers,115,Box Score,OT,
Fri Jan 27 2017,8:00 pm,San Antonio Spurs,103,New Orleans Pelicans,119,Box Score,,
Fri Jan 27 2017,7:30 pm,Charlotte Hornets,107,New York Knicks,110,Box Score,,
Fri Jan 27 2017,8:00 pm,Houston Rockets,123,Philadelphia 76ers,118,Box Score,,
Fri Jan 27 2017,10:00 pm,Memphis Grizzlies,109,Portland Trail Blazers,112,Box Score,,
Fri Jan 27 2017,7:30 pm,Milwaukee Bucks,86,Toronto Raptors,102,Box Score,,
Sat Jan 28 2017,7:00 pm,Sacramento Kings,109,Charlotte Hornets,106,Box Score,,
Sat Jan 28 2017,8:30 pm,Los Angeles Clippers,98,Golden State Warriors,144,Box Score,,
Sat Jan 28 2017,7:30 pm,Detroit Pistons,103,Miami Heat,116,Box Score,,
Sat Jan 28 2017,8:00 pm,Boston Celtics,112,Milwaukee Bucks,108,Box Score,OT,
Sat Jan 28 2017,9:00 pm,Brooklyn Nets,109,Minnesota Timberwolves,129,Box Score,,
Sat Jan 28 2017,9:00 pm,Denver Nuggets,123,Phoenix Suns,112,Box Score,,
Sat Jan 28 2017,9:00 pm,Memphis Grizzlies,102,Utah Jazz,95,Box Score,,
Sun Jan 29 2017,3:00 pm,New York Knicks,139,Atlanta Hawks,142,Box Score,4OT,
Sun Jan 29 2017,7:00 pm,Philadelphia 76ers,108,Chicago Bulls,121,Box Score,,
Sun Jan 29 2017,3:30 pm,Oklahoma City Thunder,91,Cleveland Cavaliers,107,Box Score,,
Sun Jan 29 2017,6:00 pm,Houston Rockets,101,Indiana Pacers,120,Box Score,,
Sun Jan 29 2017,6:00 pm,Washington Wizards,107,New Orleans Pelicans,94,Box Score,,
Sun Jan 29 2017,9:00 pm,Golden State Warriors,113,Portland Trail Blazers,111,Box Score,,
Sun Jan 29 2017,7:00 pm,Dallas Mavericks,105,San Antonio Spurs,101,Box Score,,
Sun Jan 29 2017,6:00 pm,Orlando Magic,114,Toronto Raptors,113,Box Score,,
Mon Jan 30 2017,8:00 pm,Detroit Pistons,109,Boston Celtics,113,Box Score,,
Mon Jan 30 2017,8:30 pm,Cleveland Cavaliers,97,Dallas Mavericks,104,Box Score,,
Mon Jan 30 2017,7:30 pm,Brooklyn Nets,96,Miami Heat,104,Box Score,,
Mon Jan 30 2017,8:00 pm,Orlando Magic,105,Minnesota Timberwolves,111,Box Score,OT,
Mon Jan 30 2017,6:00 pm,Sacramento Kings,119,Philadelphia 76ers,122,Box Score,,
Mon Jan 30 2017,10:30 pm,Memphis Grizzlies,115,Phoenix Suns,96,Box Score,,
Tue Jan 31 2017,8:00 pm,Sacramento Kings,83,Houston Rockets,105,Box Score,,
Tue Jan 31 2017,10:30 pm,Denver Nuggets,116,Los Angeles Lakers,120,Box Score,,
Tue Jan 31 2017,10:00 pm,Charlotte Hornets,98,Portland Trail Blazers,115,Box Score,,
Tue Jan 31 2017,8:30 pm,Oklahoma City Thunder,94,San Antonio Spurs,108,Box Score,,
Tue Jan 31 2017,7:00 pm,New Orleans Pelicans,106,Toronto Raptors,108,Box Score,OT,
Tue Jan 31 2017,7:00 pm,New York Knicks,101,Washington Wizards,117,Box Score,,
Wed Feb 1 2017,7:30 pm,Toronto Raptors,104,Boston Celtics,109,Box Score,,
Wed Feb 1 2017,7:30 pm,New York Knicks,95,Brooklyn Nets,90,Box Score,,
Wed Feb 1 2017,7:00 pm,Minnesota Timberwolves,97,Cleveland Cavaliers,125,Box Score,,
Wed Feb 1 2017,8:30 pm,Philadelphia 76ers,95,Dallas Mavericks,113,Box Score,,
Wed Feb 1 2017,9:00 pm,Memphis Grizzlies,119,Denver Nuggets,99,Box Score,,
Wed Feb 1 2017,7:30 pm,New Orleans Pelicans,98,Detroit Pistons,118,Box Score,,
Wed Feb 1 2017,10:30 pm,Charlotte Hornets,111,Golden State Warriors,126,Box Score,,
Wed Feb 1 2017,7:30 pm,Atlanta Hawks,93,Miami Heat,116,Box Score,,
Wed Feb 1 2017,9:30 pm,Chicago Bulls,128,Oklahoma City Thunder,100,Box Score,,
Wed Feb 1 2017,7:00 pm,Indiana Pacers,98,Orlando Magic,88,Box Score,,
Wed Feb 1 2017,9:00 pm,Los Angeles Clippers,124,Phoenix Suns,114,Box Score,,
Wed Feb 1 2017,9:00 pm,Milwaukee Bucks,88,Utah Jazz,104,Box Score,,
Thu Feb 2 2017,8:00 pm,Atlanta Hawks,113,Houston Rockets,108,Box Score,,
Thu Feb 2 2017,10:30 pm,Golden State Warriors,133,Los Angeles Clippers,120,Box Score,,
Thu Feb 2 2017,8:30 pm,Philadelphia 76ers,86,San Antonio Spurs,102,Box Score,,
Thu Feb 2 2017,7:00 pm,Los Angeles Lakers,108,Washington Wizards,116,Box Score,,
Fri Feb 3 2017,8:00 pm,Los Angeles Lakers,107,Boston Celtics,113,Box Score,,
Fri Feb 3 2017,7:30 pm,Indiana Pacers,106,Brooklyn Nets,97,Box Score,,
Fri Feb 3 2017,9:00 pm,Milwaukee Bucks,117,Denver Nuggets,121,Box Score,,
Fri Feb 3 2017,7:30 pm,Minnesota Timberwolves,108,Detroit Pistons,116,Box Score,,
Fri Feb 3 2017,8:00 pm,Chicago Bulls,117,Houston Rockets,121,Box Score,OT,
Fri Feb 3 2017,8:00 pm,Memphis Grizzlies,102,Oklahoma City Thunder,114,Box Score,,
Fri Feb 3 2017,7:00 pm,Toronto Raptors,94,Orlando Magic,102,Box Score,,
Fri Feb 3 2017,10:30 pm,Dallas Mavericks,108,Portland Trail Blazers,104,Box Score,,
Fri Feb 3 2017,10:30 pm,Phoenix Suns,105,Sacramento Kings,103,Box Score,,
Sat Feb 4 2017,7:00 pm,Orlando Magic,86,Atlanta Hawks,113,Box Score,,
Sat Feb 4 2017,7:00 pm,Detroit Pistons,84,Indiana Pacers,105,Box Score,,
Sat Feb 4 2017,7:30 pm,Philadelphia 76ers,102,Miami Heat,125,Box Score,,
Sat Feb 4 2017,9:00 pm,Memphis Grizzlies,107,Minnesota Timberwolves,99,Box Score,,
Sat Feb 4 2017,8:30 pm,Cleveland Cavaliers,111,New York Knicks,104,Box Score,,
Sat Feb 4 2017,9:00 pm,Milwaukee Bucks,137,Phoenix Suns,112,Box Score,,
Sat Feb 4 2017,10:30 pm,Golden State Warriors,106,Sacramento Kings,109,Box Score,OT,
Sat Feb 4 2017,9:00 pm,Denver Nuggets,97,San Antonio Spurs,121,Box Score,,
Sat Feb 4 2017,9:00 pm,Charlotte Hornets,98,Utah Jazz,105,Box Score,,
Sat Feb 4 2017,7:00 pm,New Orleans Pelicans,91,Washington Wizards,105,Box Score,,
Sun Feb 5 2017,2:00 pm,Los Angeles Clippers,102,Boston Celtics,107,Box Score,,
Sun Feb 5 2017,12:00 pm,Toronto Raptors,103,Brooklyn Nets,95,Box Score,,
Sun Feb 5 2017,3:00 pm,Portland Trail Blazers,99,Oklahoma City Thunder,105,Box Score,,
Mon Feb 6 2017,7:30 pm,Utah Jazz,120,Atlanta Hawks,95,Box Score,,
Mon Feb 6 2017,9:00 pm,Dallas Mavericks,87,Denver Nuggets,110,Box Score,,
Mon Feb 6 2017,7:30 pm,Philadelphia 76ers,96,Detroit Pistons,113,Box Score,,
Mon Feb 6 2017,7:00 pm,Oklahoma City Thunder,90,Indiana Pacers,93,Box Score,,
Mon Feb 6 2017,9:30 pm,San Antonio Spurs,74,Memphis Grizzlies,89,Box Score,,
Mon Feb 6 2017,8:00 pm,Miami Heat,115,Minnesota Timberwolves,113,Box Score,,
Mon Feb 6 2017,8:00 pm,Phoenix Suns,106,New Orleans Pelicans,111,Box Score,,
Mon Feb 6 2017,7:00 pm,Los Angeles Lakers,121,New York Knicks,107,Box Score,,
Mon Feb 6 2017,10:30 pm,Chicago Bulls,112,Sacramento Kings,107,Box Score,,
Mon Feb 6 2017,7:30 pm,Los Angeles Clippers,109,Toronto Raptors,118,Box Score,,
Mon Feb 6 2017,7:00 pm,Cleveland Cavaliers,140,Washington Wizards,135,Box Score,OT,
Tue Feb 7 2017,7:00 pm,Brooklyn Nets,107,Charlotte Hornets,111,Box Score,,
Tue Feb 7 2017,8:30 pm,Portland Trail Blazers,114,Dallas Mavericks,113,Box Score,,
Tue Feb 7 2017,8:00 pm,Orlando Magic,104,Houston Rockets,128,Box Score,,
Wed Feb 8 2017,7:30 pm,Denver Nuggets,106,Atlanta Hawks,117,Box Score,,
Wed Feb 8 2017,7:30 pm,Washington Wizards,114,Brooklyn Nets,110,Box Score,OT,
Wed Feb 8 2017,7:30 pm,Los Angeles Lakers,102,Detroit Pistons,121,Box Score,,
Wed Feb 8 2017,10:30 pm,Chicago Bulls,92,Golden State Warriors,123,Box Score,,
Wed Feb 8 2017,7:00 pm,Cleveland Cavaliers,132,Indiana Pacers,117,Box Score,,
Wed Feb 8 2017,8:00 pm,Phoenix Suns,91,Memphis Grizzlies,110,Box Score,,
Wed Feb 8 2017,8:00 pm,Miami Heat,106,Milwaukee Bucks,88,Box Score,,
Wed Feb 8 2017,8:00 pm,Toronto Raptors,109,Minnesota Timberwolves,112,Box Score,,
Wed Feb 8 2017,8:00 pm,Utah Jazz,127,New Orleans Pelicans,94,Box Score,,
Wed Feb 8 2017,8:00 pm,Los Angeles Clippers,119,New York Knicks,115,Box Score,,
Wed Feb 8 2017,7:00 pm,San Antonio Spurs,111,Philadelphia 76ers,103,Box Score,,
Wed Feb 8 2017,10:30 pm,Boston Celtics,92,Sacramento Kings,108,Box Score,,
Thu Feb 9 2017,7:00 pm,Houston Rockets,107,Charlotte Hornets,95,Box Score,,
Thu Feb 9 2017,8:30 pm,Utah Jazz,105,Dallas Mavericks,112,Box Score,OT,
Thu Feb 9 2017,8:00 pm,Cleveland Cavaliers,109,Oklahoma City Thunder,118,Box Score,,
Thu Feb 9 2017,7:00 pm,Philadelphia 76ers,112,Orlando Magic,111,Box Score,,
Thu Feb 9 2017,10:30 pm,Boston Celtics,120,Portland Trail Blazers,111,Box Score,,
Fri Feb 10 2017,7:30 pm,Miami Heat,108,Brooklyn Nets,99,Box Score,,
Fri Feb 10 2017,7:30 pm,San Antonio Spurs,103,Detroit Pistons,92,Box Score,,
Fri Feb 10 2017,8:00 pm,Golden State Warriors,122,Memphis Grizzlies,107,Box Score,,
Fri Feb 10 2017,8:00 pm,Los Angeles Lakers,122,Milwaukee Bucks,114,Box Score,,
Fri Feb 10 2017,8:00 pm,New Orleans Pelicans,122,Minnesota Timberwolves,106,Box Score,,
Fri Feb 10 2017,7:30 pm,Denver Nuggets,131,New York Knicks,123,Box Score,,
Fri Feb 10 2017,10:30 pm,Chicago Bulls,97,Phoenix Suns,115,Box Score,,
Fri Feb 10 2017,10:30 pm,Atlanta Hawks,107,Sacramento Kings,108,Box Score,,
Fri Feb 10 2017,8:00 pm,Indiana Pacers,107,Washington Wizards,112,Box Score,,
Sat Feb 11 2017,5:00 pm,Los Angeles Clippers,107,Charlotte Hornets,102,Box Score,,
Sat Feb 11 2017,7:30 pm,Denver Nuggets,109,Cleveland Cavaliers,125,Box Score,,
Sat Feb 11 2017,9:00 pm,Orlando Magic,80,Dallas Mavericks,112,Box Score,,
Sat Feb 11 2017,9:00 pm,Phoenix Suns,102,Houston Rockets,133,Box Score,,
Sat Feb 11 2017,7:00 pm,Milwaukee Bucks,116,Indiana Pacers,100,Box Score,,
Sat Feb 11 2017,8:30 pm,Golden State Warriors,130,Oklahoma City Thunder,114,Box Score,,
Sat Feb 11 2017,7:30 pm,Miami Heat,109,Philadelphia 76ers,117,Box Score,,
Sat Feb 11 2017,10:00 pm,Boston Celtics,112,Utah Jazz,104,Box Score,,
Sun Feb 12 2017,3:30 pm,Chicago Bulls,89,Minnesota Timberwolves,117,Box Score,,
Sun Feb 12 2017,3:30 pm,San Antonio Spurs,90,New York Knicks,94,Box Score,,
Sun Feb 12 2017,9:00 pm,New Orleans Pelicans,99,Sacramento Kings,105,Box Score,,
Sun Feb 12 2017,6:00 pm,Detroit Pistons,102,Toronto Raptors,101,Box Score,,
Mon Feb 13 2017,7:30 pm,Memphis Grizzlies,112,Brooklyn Nets,103,Box Score,,
Mon Feb 13 2017,7:00 pm,Philadelphia 76ers,105,Charlotte Hornets,99,Box Score,,
Mon Feb 13 2017,8:30 pm,Boston Celtics,111,Dallas Mavericks,98,Box Score,,
Mon Feb 13 2017,9:00 pm,Golden State Warriors,110,Denver Nuggets,132,Box Score,,
Mon Feb 13 2017,7:00 pm,San Antonio Spurs,110,Indiana Pacers,106,Box Score,,
Mon Feb 13 2017,7:30 pm,Orlando Magic,116,Miami Heat,107,Box Score,,
Mon Feb 13 2017,8:00 pm,Detroit Pistons,89,Milwaukee Bucks,102,Box Score,,
Mon Feb 13 2017,9:00 pm,New Orleans Pelicans,110,Phoenix Suns,108,Box Score,,
Mon Feb 13 2017,10:30 pm,Atlanta Hawks,109,Portland Trail Blazers,104,Box Score,OT,
Mon Feb 13 2017,9:00 pm,Los Angeles Clippers,88,Utah Jazz,72,Box Score,,
Mon Feb 13 2017,8:00 pm,Oklahoma City Thunder,98,Washington Wizards,120,Box Score,,
Tue Feb 14 2017,8:00 pm,Toronto Raptors,94,Chicago Bulls,105,Box Score,,
Tue Feb 14 2017,10:30 pm,Sacramento Kings,97,Los Angeles Lakers,96,Box Score,,
Tue Feb 14 2017,8:00 pm,Cleveland Cavaliers,116,Minnesota Timberwolves,108,Box Score,,
Wed Feb 15 2017,7:30 pm,Philadelphia 76ers,108,Boston Celtics,116,Box Score,,
Wed Feb 15 2017,7:30 pm,Milwaukee Bucks,129,Brooklyn Nets,125,Box Score,,
Wed Feb 15 2017,7:00 pm,Indiana Pacers,104,Cleveland Cavaliers,113,Box Score,,
Wed Feb 15 2017,9:00 pm,Minnesota Timberwolves,112,Denver Nuggets,99,Box Score,,
Wed Feb 15 2017,7:30 pm,Dallas Mavericks,91,Detroit Pistons,98,Box Score,,
Wed Feb 15 2017,10:30 pm,Sacramento Kings,86,Golden State Warriors,109,Box Score,,
Wed Feb 15 2017,8:00 pm,Miami Heat,117,Houston Rockets,109,Box Score,,
Wed Feb 15 2017,10:30 pm,Atlanta Hawks,84,Los Angeles Clippers,99,Box Score,,
Wed Feb 15 2017,8:00 pm,New Orleans Pelicans,95,Memphis Grizzlies,91,Box Score,,
Wed Feb 15 2017,9:30 pm,New York Knicks,105,Oklahoma City Thunder,116,Box Score,,
Wed Feb 15 2017,7:00 pm,San Antonio Spurs,107,Orlando Magic,79,Box Score,,
Wed Feb 15 2017,9:00 pm,Los Angeles Lakers,101,Phoenix Suns,137,Box Score,,
Wed Feb 15 2017,7:30 pm,Charlotte Hornets,85,Toronto Raptors,90,Box Score,,
Wed Feb 15 2017,9:00 pm,Portland Trail Blazers,88,Utah Jazz,111,Box Score,,
Thu Feb 16 2017,8:00 pm,Boston Celtics,103,Chicago Bulls,104,Box Score,,
Thu Feb 16 2017,7:00 pm,Washington Wizards,111,Indiana Pacers,98,Box Score,,
Thu Feb 23 2017,8:00 pm,New York Knicks,104,Cleveland Cavaliers,119,Box Score,,
Thu Feb 23 2017,7:30 pm,Charlotte Hornets,108,Detroit Pistons,114,Box Score,OT,
Thu Feb 23 2017,10:30 pm,Los Angeles Clippers,113,Golden State Warriors,123,Box Score,,
Thu Feb 23 2017,8:00 pm,Houston Rockets,129,New Orleans Pelicans,99,Box Score,,
Thu Feb 23 2017,7:00 pm,Portland Trail Blazers,112,Orlando Magic,103,Box Score,,
Thu Feb 23 2017,10:30 pm,Denver Nuggets,100,Sacramento Kings,116,Box Score,,
Fri Feb 24 2017,8:00 pm,Miami Heat,108,Atlanta Hawks,90,Box Score,,
Fri Feb 24 2017,8:00 pm,Phoenix Suns,121,Chicago Bulls,128,Box Score,OT,
Fri Feb 24 2017,9:00 pm,Brooklyn Nets,109,Denver Nuggets,129,Box Score,,
Fri Feb 24 2017,7:00 pm,Memphis Grizzlies,92,Indiana Pacers,102,Box Score,,
Fri Feb 24 2017,10:30 pm,San Antonio Spurs,105,Los Angeles Clippers,97,Box Score,,
Fri Feb 24 2017,8:00 pm,Utah Jazz,109,Milwaukee Bucks,95,Box Score,,
Fri Feb 24 2017,8:00 pm,Dallas Mavericks,84,Minnesota Timberwolves,97,Box Score,,
Fri Feb 24 2017,8:00 pm,Los Angeles Lakers,93,Oklahoma City Thunder,110,Box Score,,
Fri Feb 24 2017,7:00 pm,Washington Wizards,112,Philadelphia 76ers,120,Box Score,,
Fri Feb 24 2017,8:00 pm,Boston Celtics,97,Toronto Raptors,107,Box Score,,
Sat Feb 25 2017,8:30 pm,Chicago Bulls,117,Cleveland Cavaliers,99,Box Score,,
Sat Feb 25 2017,8:30 pm,New Orleans Pelicans,83,Dallas Mavericks,96,Box Score,,
Sat Feb 25 2017,10:30 pm,Brooklyn Nets,95,Golden State Warriors,112,Box Score,,
Sat Feb 25 2017,9:00 pm,Minnesota Timberwolves,130,Houston Rockets,142,Box Score,,
Sat Feb 25 2017,8:00 pm,Indiana Pacers,95,Miami Heat,113,Box Score,,
Sat Feb 25 2017,7:30 pm,Philadelphia 76ers,109,New York Knicks,110,Box Score,,
Sat Feb 25 2017,7:00 pm,Atlanta Hawks,86,Orlando Magic,105,Box Score,,
Sat Feb 25 2017,5:00 pm,Charlotte Hornets,99,Sacramento Kings,85,Box Score,,
Sun Feb 26 2017,5:00 pm,Memphis Grizzlies,105,Denver Nuggets,98,Box Score,,
Sun Feb 26 2017,6:00 pm,Boston Celtics,104,Detroit Pistons,98,Box Score,,
Sun Feb 26 2017,9:30 pm,Charlotte Hornets,121,Los Angeles Clippers,124,Box Score,OT,
Sun Feb 26 2017,3:30 pm,San Antonio Spurs,119,Los Angeles Lakers,98,Box Score,,
Sun Feb 26 2017,3:30 pm,Phoenix Suns,96,Milwaukee Bucks,100,Box Score,,
Sun Feb 26 2017,7:00 pm,New Orleans Pelicans,110,Oklahoma City Thunder,118,Box Score,,
Sun Feb 26 2017,6:00 pm,Portland Trail Blazers,106,Toronto Raptors,112,Box Score,,
Sun Feb 26 2017,5:00 pm,Utah Jazz,102,Washington Wizards,92,Box Score,,
Mon Feb 27 2017,7:30 pm,Atlanta Hawks,114,Boston Celtics,98,Box Score,,
Mon Feb 27 2017,7:00 pm,Milwaukee Bucks,95,Cleveland Cavaliers,102,Box Score,,
Mon Feb 27 2017,8:30 pm,Miami Heat,89,Dallas Mavericks,96,Box Score,,
Mon Feb 27 2017,9:30 pm,Indiana Pacers,117,Houston Rockets,108,Box Score,,
Mon Feb 27 2017,7:00 pm,Toronto Raptors,92,New York Knicks,91,Box Score,,
Mon Feb 27 2017,7:00 pm,Golden State Warriors,119,Philadelphia 76ers,108,Box Score,,
Mon Feb 27 2017,10:30 pm,Minnesota Timberwolves,102,Sacramento Kings,88,Box Score,,
Tue Feb 28 2017,8:00 pm,Denver Nuggets,125,Chicago Bulls,107,Box Score,,
Tue Feb 28 2017,7:30 pm,Portland Trail Blazers,113,Detroit Pistons,120,Box Score,OT,
Tue Feb 28 2017,10:30 pm,Charlotte Hornets,109,Los Angeles Lakers,104,Box Score,,
Tue Feb 28 2017,8:00 pm,Phoenix Suns,112,Memphis Grizzlies,130,Box Score,,
Tue Feb 28 2017,8:00 pm,Utah Jazz,106,Oklahoma City Thunder,109,Box Score,,
Tue Feb 28 2017,7:00 pm,Golden State Warriors,108,Washington Wizards,112,Box Score,,
Wed Mar 1 2017,7:30 pm,Dallas Mavericks,95,Atlanta Hawks,100,Box Score,,
Wed Mar 1 2017,8:00 pm,Cleveland Cavaliers,99,Boston Celtics,103,Box Score,,
Wed Mar 1 2017,10:30 pm,Houston Rockets,122,Los Angeles Clippers,103,Box Score,,
Wed Mar 1 2017,7:30 pm,Philadelphia 76ers,98,Miami Heat,125,Box Score,,
Wed Mar 1 2017,8:00 pm,Denver Nuggets,110,Milwaukee Bucks,98,Box Score,,
Wed Mar 1 2017,8:00 pm,Detroit Pistons,86,New Orleans Pelicans,109,Box Score,,
Wed Mar 1 2017,7:00 pm,New York Knicks,101,Orlando Magic,90,Box Score,,
Wed Mar 1 2017,10:30 pm,Brooklyn Nets,109,Sacramento Kings,100,Box Score,,
Wed Mar 1 2017,8:30 pm,Indiana Pacers,99,San Antonio Spurs,100,Box Score,,
Wed Mar 1 2017,7:30 pm,Washington Wizards,105,Toronto Raptors,96,Box Score,,
Wed Mar 1 2017,9:00 pm,Minnesota Timberwolves,107,Utah Jazz,80,Box Score,,
Thu Mar 2 2017,8:00 pm,Golden State Warriors,87,Chicago Bulls,94,Box Score,,
Thu Mar 2 2017,9:00 pm,Charlotte Hornets,103,Phoenix Suns,120,Box Score,,
Thu Mar 2 2017,10:30 pm,Oklahoma City Thunder,109,Portland Trail Blazers,114,Box Score,,
Fri Mar 3 2017,7:00 pm,Cleveland Cavaliers,135,Atlanta Hawks,130,Box Score,,
Fri Mar 3 2017,8:30 pm,Memphis Grizzlies,100,Dallas Mavericks,104,Box Score,,
Fri Mar 3 2017,10:30 pm,Boston Celtics,115,Los Angeles Lakers,95,Box Score,,
Fri Mar 3 2017,8:00 pm,Los Angeles Clippers,101,Milwaukee Bucks,112,Box Score,,
Fri Mar 3 2017,9:30 pm,San Antonio Spurs,101,New Orleans Pelicans,98,Box Score,OT,
Fri Mar 3 2017,7:00 pm,Miami Heat,99,Orlando Magic,110,Box Score,,
Fri Mar 3 2017,7:00 pm,New York Knicks,102,Philadelphia 76ers,105,Box Score,,
Fri Mar 3 2017,9:00 pm,Oklahoma City Thunder,111,Phoenix Suns,118,Box Score,,
Fri Mar 3 2017,9:00 pm,Brooklyn Nets,97,Utah Jazz,112,Box Score,,
Fri Mar 3 2017,7:00 pm,Toronto Raptors,114,Washington Wizards,106,Box Score,,
Sat Mar 4 2017,8:30 pm,Los Angeles Clippers,101,Chicago Bulls,91,Box Score,,
Sat Mar 4 2017,9:00 pm,Charlotte Hornets,112,Denver Nuggets,102,Box Score,,
Sat Mar 4 2017,9:00 pm,Memphis Grizzlies,108,Houston Rockets,123,Box Score,,
Sat Mar 4 2017,8:00 pm,Cleveland Cavaliers,92,Miami Heat,120,Box Score,,
Sat Mar 4 2017,8:00 pm,Toronto Raptors,94,Milwaukee Bucks,101,Box Score,,
Sat Mar 4 2017,6:00 pm,Detroit Pistons,136,Philadelphia 76ers,106,Box Score,,
Sat Mar 4 2017,10:00 pm,Brooklyn Nets,116,Portland Trail Blazers,130,Box Score,,
Sat Mar 4 2017,9:00 pm,Minnesota Timberwolves,90,San Antonio Spurs,97,Box Score,OT,
Sun Mar 5 2017,1:00 pm,Indiana Pacers,97,Atlanta Hawks,96,Box Score,,
Sun Mar 5 2017,8:30 pm,Oklahoma City Thunder,89,Dallas Mavericks,104,Box Score,,
Sun Mar 5 2017,9:30 pm,New Orleans Pelicans,105,Los Angeles Lakers,97,Box Score,,
Sun Mar 5 2017,3:30 pm,Golden State Warriors,112,New York Knicks,105,Box Score,,
Sun Mar 5 2017,5:00 pm,Boston Celtics,106,Phoenix Suns,109,Box Score,,
Sun Mar 5 2017,6:00 pm,Utah Jazz,110,Sacramento Kings,109,Box Score,OT,
Sun Mar 5 2017,5:00 pm,Orlando Magic,114,Washington Wizards,115,Box Score,,
Mon Mar 6 2017,7:30 pm,Golden State Warriors,119,Atlanta Hawks,111,Box Score,,
Mon Mar 6 2017,8:00 pm,Indiana Pacers,88,Charlotte Hornets,100,Box Score,,
Mon Mar 6 2017,7:00 pm,Miami Heat,106,Cleveland Cavaliers,98,Box Score,,
Mon Mar 6 2017,9:00 pm,Sacramento Kings,96,Denver Nuggets,108,Box Score,,
Mon Mar 6 2017,7:30 pm,Chicago Bulls,95,Detroit Pistons,109,Box Score,,
Mon Mar 6 2017,10:30 pm,Boston Celtics,102,Los Angeles Clippers,116,Box Score,,
Mon Mar 6 2017,8:00 pm,Brooklyn Nets,122,Memphis Grizzlies,109,Box Score,,
Mon Mar 6 2017,7:00 pm,New York Knicks,113,Orlando Magic,105,Box Score,,
Mon Mar 6 2017,7:00 pm,Milwaukee Bucks,112,Philadelphia 76ers,98,Box Score,,
Mon Mar 6 2017,8:30 pm,Houston Rockets,110,San Antonio Spurs,112,Box Score,,
Mon Mar 6 2017,9:00 pm,New Orleans Pelicans,83,Utah Jazz,88,Box Score,,
Tue Mar 7 2017,8:30 pm,Los Angeles Lakers,111,Dallas Mavericks,122,Box Score,,
Tue Mar 7 2017,8:00 pm,Portland Trail Blazers,126,Oklahoma City Thunder,121,Box Score,,
Tue Mar 7 2017,9:00 pm,Washington Wizards,131,Phoenix Suns,127,Box Score,,
Wed Mar 8 2017,7:30 pm,Brooklyn Nets,105,Atlanta Hawks,110,Box Score,,
Wed Mar 8 2017,9:00 pm,Washington Wizards,123,Denver Nuggets,113,Box Score,,
Wed Mar 8 2017,10:30 pm,Boston Celtics,99,Golden State Warriors,86,Box Score,,
Wed Mar 8 2017,8:00 pm,Utah Jazz,115,Houston Rockets,108,Box Score,,
Wed Mar 8 2017,8:00 pm,Detroit Pistons,98,Indiana Pacers,115,Box Score,,
Wed Mar 8 2017,7:30 pm,Charlotte Hornets,101,Miami Heat,108,Box Score,,
Wed Mar 8 2017,8:00 pm,New York Knicks,93,Milwaukee Bucks,104,Box Score,,
Wed Mar 8 2017,8:00 pm,Los Angeles Clippers,91,Minnesota Timberwolves,107,Box Score,,
Wed Mar 8 2017,8:00 pm,Toronto Raptors,94,New Orleans Pelicans,87,Box Score,,
Wed Mar 8 2017,7:00 pm,Chicago Bulls,91,Orlando Magic,98,Box Score,,
Wed Mar 8 2017,8:30 pm,Sacramento Kings,104,San Antonio Spurs,114,Box Score,,
Thu Mar 9 2017,7:30 pm,Cleveland Cavaliers,101,Detroit Pistons,106,Box Score,,
Thu Mar 9 2017,8:00 pm,Los Angeles Clippers,114,Memphis Grizzlies,98,Box Score,,
Thu Mar 9 2017,8:00 pm,San Antonio Spurs,92,Oklahoma City Thunder,102,Box Score,,
Thu Mar 9 2017,10:30 pm,Los Angeles Lakers,122,Phoenix Suns,110,Box Score,,
Thu Mar 9 2017,10:00 pm,Philadelphia 76ers,108,Portland Trail Blazers,114,Box Score,OT,
Fri Mar 10 2017,8:00 pm,Toronto Raptors,99,Atlanta Hawks,105,Box Score,,
Fri Mar 10 2017,8:00 pm,Houston Rockets,115,Chicago Bulls,94,Box Score,,
Fri Mar 10 2017,7:00 pm,Orlando Magic,81,Charlotte Hornets,121,Box Score,,
Fri Mar 10 2017,9:00 pm,Brooklyn Nets,96,Dallas Mavericks,105,Box Score,,
Fri Mar 10 2017,9:00 pm,Boston Celtics,99,Denver Nuggets,119,Box Score,,
Fri Mar 10 2017,8:00 pm,Indiana Pacers,85,Milwaukee Bucks,99,Box Score,,
Fri Mar 10 2017,8:00 pm,Golden State Warriors,102,Minnesota Timberwolves,103,Box Score,,
Fri Mar 10 2017,10:30 pm,Washington Wizards,130,Sacramento Kings,122,Box Score,OT,
Sat Mar 11 2017,7:00 pm,New Orleans Pelicans,125,Charlotte Hornets,122,Box Score,OT,
Sat Mar 11 2017,9:00 pm,Phoenix Suns,100,Dallas Mavericks,98,Box Score,,
Sat Mar 11 2017,5:00 pm,New York Knicks,92,Detroit Pistons,112,Box Score,,
Sat Mar 11 2017,3:30 pm,Philadelphia 76ers,100,Los Angeles Clippers,112,Box Score,,
Sat Mar 11 2017,9:00 pm,Atlanta Hawks,107,Memphis Grizzlies,90,Box Score,,
Sat Mar 11 2017,8:00 pm,Toronto Raptors,89,Miami Heat,104,Box Score,,
Sat Mar 11 2017,8:00 pm,Minnesota Timberwolves,95,Milwaukee Bucks,102,Box Score,,
Sat Mar 11 2017,3:00 pm,Utah Jazz,104,Oklahoma City Thunder,112,Box Score,,
Sat Mar 11 2017,7:00 pm,Cleveland Cavaliers,116,Orlando Magic,104,Box Score,,
Sat Mar 11 2017,10:00 pm,Washington Wizards,125,Portland Trail Blazers,124,Box Score,OT,
Sat Mar 11 2017,10:30 pm,Denver Nuggets,105,Sacramento Kings,92,Box Score,,
Sat Mar 11 2017,8:30 pm,Golden State Warriors,85,San Antonio Spurs,107,Box Score,,
Sun Mar 12 2017,3:30 pm,Chicago Bulls,80,Boston Celtics,100,Box Score,,
Sun Mar 12 2017,6:00 pm,New York Knicks,112,Brooklyn Nets,120,Box Score,,
Sun Mar 12 2017,9:00 pm,Cleveland Cavaliers,112,Houston Rockets,117,Box Score,,
Sun Mar 12 2017,6:00 pm,Miami Heat,98,Indiana Pacers,102,Box Score,,
Sun Mar 12 2017,9:30 pm,Philadelphia 76ers,118,Los Angeles Lakers,116,Box Score,,
Sun Mar 12 2017,9:00 pm,Portland Trail Blazers,110,Phoenix Suns,101,Box Score,,
Mon Mar 13 2017,7:00 pm,Chicago Bulls,115,Charlotte Hornets,109,Box Score,,
Mon Mar 13 2017,10:30 pm,Los Angeles Lakers,101,Denver Nuggets,129,Box Score,,
Mon Mar 13 2017,8:00 pm,Milwaukee Bucks,93,Memphis Grizzlies,113,Box Score,,
Mon Mar 13 2017,8:00 pm,Washington Wizards,104,Minnesota Timberwolves,119,Box Score,,
Mon Mar 13 2017,10:30 pm,Orlando Magic,115,Sacramento Kings,120,Box Score,,
Mon Mar 13 2017,8:00 pm,Atlanta Hawks,99,San Antonio Spurs,107,Box Score,,
Mon Mar 13 2017,7:30 pm,Dallas Mavericks,78,Toronto Raptors,100,Box Score,,
Mon Mar 13 2017,9:00 pm,Los Angeles Clippers,108,Utah Jazz,114,Box Score,,
Tue Mar 14 2017,7:30 pm,Oklahoma City Thunder,122,Brooklyn Nets,104,Box Score,,
Tue Mar 14 2017,7:00 pm,Detroit Pistons,96,Cleveland Cavaliers,128,Box Score,,
Tue Mar 14 2017,10:30 pm,Philadelphia 76ers,104,Golden State Warriors,106,Box Score,,
Tue Mar 14 2017,8:00 pm,Portland Trail Blazers,77,New Orleans Pelicans,100,Box Score,,
Tue Mar 14 2017,7:30 pm,Indiana Pacers,81,New York Knicks,87,Box Score,,
Wed Mar 15 2017,7:30 pm,Minnesota Timberwolves,104,Boston Celtics,117,Box Score,,
Wed Mar 15 2017,8:00 pm,Memphis Grizzlies,98,Chicago Bulls,91,Box Score,,
Wed Mar 15 2017,7:30 pm,Utah Jazz,97,Detroit Pistons,83,Box Score,,
Wed Mar 15 2017,8:00 pm,Los Angeles Lakers,100,Houston Rockets,139,Box Score,,
Wed Mar 15 2017,7:00 pm,Charlotte Hornets,77,Indiana Pacers,98,Box Score,,
Wed Mar 15 2017,10:30 pm,Milwaukee Bucks,97,Los Angeles Clippers,96,Box Score,,
Wed Mar 15 2017,7:30 pm,New Orleans Pelicans,112,Miami Heat,120,Box Score,,
Wed Mar 15 2017,10:00 pm,Sacramento Kings,107,Phoenix Suns,101,Box Score,,
Wed Mar 15 2017,8:00 pm,Portland Trail Blazers,110,San Antonio Spurs,106,Box Score,,
Wed Mar 15 2017,7:00 pm,Dallas Mavericks,112,Washington Wizards,107,Box Score,,
Thu Mar 16 2017,7:30 pm,Memphis Grizzlies,103,Atlanta Hawks,91,Box Score,,
Thu Mar 16 2017,7:00 pm,Utah Jazz,83,Cleveland Cavaliers,91,Box Score,,
Thu Mar 16 2017,9:00 pm,Los Angeles Clippers,114,Denver Nuggets,129,Box Score,,
Thu Mar 16 2017,10:30 pm,Orlando Magic,92,Golden State Warriors,122,Box Score,,
Thu Mar 16 2017,7:30 pm,Brooklyn Nets,121,New York Knicks,110,Box Score,,
Thu Mar 16 2017,7:00 pm,Oklahoma City Thunder,123,Toronto Raptors,102,Box Score,,
Fri Mar 17 2017,7:30 pm,Boston Celtics,98,Brooklyn Nets,95,Box Score,,
Fri Mar 17 2017,7:30 pm,Toronto Raptors,87,Detroit Pistons,75,Box Score,,
Fri Mar 17 2017,10:30 pm,Milwaukee Bucks,107,Los Angeles Lakers,103,Box Score,,
Fri Mar 17 2017,8:00 pm,Minnesota Timberwolves,105,Miami Heat,123,Box Score,,
Fri Mar 17 2017,8:00 pm,Houston Rockets,112,New Orleans Pelicans,128,Box Score,,
Fri Mar 17 2017,7:00 pm,Dallas Mavericks,74,Philadelphia 76ers,116,Box Score,,
Fri Mar 17 2017,10:00 pm,Orlando Magic,109,Phoenix Suns,103,Box Score,,
Fri Mar 17 2017,7:00 pm,Chicago Bulls,107,Washington Wizards,112,Box Score,,
Sat Mar 18 2017,6:00 pm,Portland Trail Blazers,113,Atlanta Hawks,97,Box Score,,
Sat Mar 18 2017,9:00 pm,Utah Jazz,86,Chicago Bulls,95,Box Score,,
Sat Mar 18 2017,7:00 pm,Washington Wizards,93,Charlotte Hornets,98,Box Score,,
Sat Mar 18 2017,9:30 pm,Houston Rockets,109,Denver Nuggets,105,Box Score,,
Sat Mar 18 2017,10:30 pm,Milwaukee Bucks,92,Golden State Warriors,117,Box Score,,
Sat Mar 18 2017,8:30 pm,Cleveland Cavaliers,78,Los Angeles Clippers,108,Box Score,,
Sat Mar 18 2017,9:00 pm,San Antonio Spurs,96,Memphis Grizzlies,104,Box Score,,
Sat Mar 18 2017,3:00 pm,Sacramento Kings,94,Oklahoma City Thunder,110,Box Score,,
Sun Mar 19 2017,12:00 pm,Dallas Mavericks,111,Brooklyn Nets,104,Box Score,,
Sun Mar 19 2017,4:30 pm,Phoenix Suns,95,Detroit Pistons,112,Box Score,,
Sun Mar 19 2017,9:30 pm,Cleveland Cavaliers,125,Los Angeles Lakers,120,Box Score,,
Sun Mar 19 2017,6:00 pm,Portland Trail Blazers,115,Miami Heat,104,Box Score,,
Sun Mar 19 2017,6:00 pm,Minnesota Timberwolves,109,New Orleans Pelicans,123,Box Score,,
Sun Mar 19 2017,1:00 pm,Boston Celtics,99,Philadelphia 76ers,105,Box Score,,
Sun Mar 19 2017,7:00 pm,Sacramento Kings,102,San Antonio Spurs,118,Box Score,,
Sun Mar 19 2017,6:00 pm,Indiana Pacers,91,Toronto Raptors,116,Box Score,,
Mon Mar 20 2017,7:30 pm,Washington Wizards,102,Boston Celtics,110,Box Score,,
Mon Mar 20 2017,7:00 pm,Atlanta Hawks,90,Charlotte Hornets,105,Box Score,,
Mon Mar 20 2017,8:00 pm,Denver Nuggets,124,Houston Rockets,125,Box Score,,
Mon Mar 20 2017,7:00 pm,Utah Jazz,100,Indiana Pacers,107,Box Score,,
Mon Mar 20 2017,10:30 pm,New York Knicks,105,Los Angeles Clippers,114,Box Score,,
Mon Mar 20 2017,8:00 pm,Golden State Warriors,111,Oklahoma City Thunder,95,Box Score,,
Mon Mar 20 2017,7:00 pm,Philadelphia 76ers,109,Orlando Magic,112,Box Score,OT,
Tue Mar 21 2017,7:30 pm,Detroit Pistons,96,Brooklyn Nets,98,Box Score,,
Tue Mar 21 2017,8:30 pm,Golden State Warriors,112,Dallas Mavericks,87,Box Score,,
Tue Mar 21 2017,10:30 pm,Los Angeles Clippers,133,Los Angeles Lakers,109,Box Score,,
Tue Mar 21 2017,7:30 pm,Phoenix Suns,97,Miami Heat,112,Box Score,,
Tue Mar 21 2017,9:30 pm,San Antonio Spurs,100,Minnesota Timberwolves,93,Box Score,,
Tue Mar 21 2017,8:00 pm,Memphis Grizzlies,82,New Orleans Pelicans,95,Box Score,,
Tue Mar 21 2017,10:00 pm,Milwaukee Bucks,93,Portland Trail Blazers,90,Box Score,,
Tue Mar 21 2017,7:00 pm,Chicago Bulls,120,Toronto Raptors,122,Box Score,OT,
Wed Mar 22 2017,7:30 pm,Indiana Pacers,100,Boston Celtics,109,Box Score,,
Wed Mar 22 2017,8:00 pm,Detroit Pistons,95,Chicago Bulls,117,Box Score,,
Wed Mar 22 2017,9:00 pm,Cleveland Cavaliers,113,Denver Nuggets,126,Box Score,,
Wed Mar 22 2017,8:00 pm,Philadelphia 76ers,97,Oklahoma City Thunder,122,Box Score,,
Wed Mar 22 2017,7:00 pm,Charlotte Hornets,109,Orlando Magic,102,Box Score,,
Wed Mar 22 2017,10:30 pm,Milwaukee Bucks,116,Sacramento Kings,98,Box Score,,
Wed Mar 22 2017,10:30 pm,New York Knicks,101,Utah Jazz,108,Box Score,,
Wed Mar 22 2017,8:00 pm,Atlanta Hawks,100,Washington Wizards,104,Box Score,,
Thu Mar 23 2017,7:30 pm,Phoenix Suns,98,Brooklyn Nets,126,Box Score,,
Thu Mar 23 2017,8:30 pm,Los Angeles Clippers,95,Dallas Mavericks,97,Box Score,,
Thu Mar 23 2017,7:30 pm,Toronto Raptors,101,Miami Heat,84,Box Score,,
Thu Mar 23 2017,10:00 pm,New York Knicks,95,Portland Trail Blazers,110,Box Score,,
Thu Mar 23 2017,8:30 pm,Memphis Grizzlies,90,San Antonio Spurs,97,Box Score,,
Fri Mar 24 2017,7:30 pm,Phoenix Suns,120,Boston Celtics,130,Box Score,,
Fri Mar 24 2017,8:00 pm,Philadelphia 76ers,117,Chicago Bulls,107,Box Score,,
Fri Mar 24 2017,7:00 pm,Cleveland Cavaliers,112,Charlotte Hornets,105,Box Score,,
Fri Mar 24 2017,10:30 pm,Sacramento Kings,100,Golden State Warriors,114,Box Score,,
Fri Mar 24 2017,8:00 pm,New Orleans Pelicans,107,Houston Rockets,117,Box Score,,
Fri Mar 24 2017,7:00 pm,Denver Nuggets,125,Indiana Pacers,117,Box Score,,
Fri Mar 24 2017,10:30 pm,Minnesota Timberwolves,119,Los Angeles Lakers,130,Box Score,OT,
Fri Mar 24 2017,8:00 pm,Atlanta Hawks,97,Milwaukee Bucks,100,Box Score,,
Fri Mar 24 2017,7:00 pm,Detroit Pistons,87,Orlando Magic,115,Box Score,,
Fri Mar 24 2017,7:00 pm,Brooklyn Nets,108,Washington Wizards,129,Box Score,,
Sat Mar 25 2017,7:30 pm,Washington Wizards,127,Cleveland Cavaliers,115,Box Score,,
Sat Mar 25 2017,8:30 pm,Toronto Raptors,94,Dallas Mavericks,86,Box Score,,
Sat Mar 25 2017,3:30 pm,Utah Jazz,95,Los Angeles Clippers,108,Box Score,,
Sat Mar 25 2017,10:00 pm,Minnesota Timberwolves,100,Portland Trail Blazers,112,Box Score,,
Sat Mar 25 2017,8:30 pm,New York Knicks,98,San Antonio Spurs,106,Box Score,,
Sun Mar 26 2017,1:00 pm,Brooklyn Nets,107,Atlanta Hawks,92,Box Score,,
Sun Mar 26 2017,6:00 pm,Miami Heat,108,Boston Celtics,112,Box Score,,
Sun Mar 26 2017,1:00 pm,Phoenix Suns,106,Charlotte Hornets,120,Box Score,,
Sun Mar 26 2017,8:00 pm,New Orleans Pelicans,115,Denver Nuggets,90,Box Score,,
Sun Mar 26 2017,8:00 pm,Memphis Grizzlies,94,Golden State Warriors,106,Box Score,,
Sun Mar 26 2017,3:30 pm,Oklahoma City Thunder,125,Houston Rockets,137,Box Score,,
Sun Mar 26 2017,6:00 pm,Philadelphia 76ers,94,Indiana Pacers,107,Box Score,,
Sun Mar 26 2017,3:30 pm,Sacramento Kings,98,Los Angeles Clippers,97,Box Score,,
Sun Mar 26 2017,9:30 pm,Portland Trail Blazers,97,Los Angeles Lakers,81,Box Score,,
Sun Mar 26 2017,3:30 pm,Chicago Bulls,109,Milwaukee Bucks,94,Box Score,,
Mon Mar 27 2017,8:30 pm,Oklahoma City Thunder,92,Dallas Mavericks,91,Box Score,,
Mon Mar 27 2017,7:30 pm,Detroit Pistons,95,New York Knicks,109,Box Score,,
Mon Mar 27 2017,10:30 pm,Memphis Grizzlies,90,Sacramento Kings,91,Box Score,,
Mon Mar 27 2017,8:00 pm,Cleveland Cavaliers,74,San Antonio Spurs,103,Box Score,,
Mon Mar 27 2017,7:30 pm,Orlando Magic,112,Toronto Raptors,131,Box Score,,
Mon Mar 27 2017,10:30 pm,New Orleans Pelicans,100,Utah Jazz,108,Box Score,,
Tue Mar 28 2017,7:30 pm,Phoenix Suns,91,Atlanta Hawks,95,Box Score,,
Tue Mar 28 2017,7:30 pm,Philadelphia 76ers,106,Brooklyn Nets,101,Box Score,,
Tue Mar 28 2017,7:00 pm,Milwaukee Bucks,118,Charlotte Hornets,108,Box Score,,
Tue Mar 28 2017,7:30 pm,Miami Heat,97,Detroit Pistons,96,Box Score,,
Tue Mar 28 2017,8:00 pm,Golden State Warriors,113,Houston Rockets,106,Box Score,,
Tue Mar 28 2017,7:00 pm,Minnesota Timberwolves,115,Indiana Pacers,114,Box Score,,
Tue Mar 28 2017,10:30 pm,Washington Wizards,119,Los Angeles Lakers,108,Box Score,,
Tue Mar 28 2017,10:00 pm,Denver Nuggets,113,Portland Trail Blazers,122,Box Score,,
Wed Mar 29 2017,7:30 pm,Milwaukee Bucks,103,Boston Celtics,100,Box Score,,
Wed Mar 29 2017,10:30 pm,Washington Wizards,124,Los Angeles Clippers,133,Box Score,,
Wed Mar 29 2017,8:00 pm,Indiana Pacers,97,Memphis Grizzlies,110,Box Score,,
Wed Mar 29 2017,8:00 pm,Dallas Mavericks,118,New Orleans Pelicans,121,Box Score,,
Wed Mar 29 2017,7:30 pm,Miami Heat,105,New York Knicks,88,Box Score,,
Wed Mar 29 2017,7:00 pm,Oklahoma City Thunder,114,Orlando Magic,106,Box Score,OT,
Wed Mar 29 2017,7:00 pm,Atlanta Hawks,99,Philadelphia 76ers,92,Box Score,,
Wed Mar 29 2017,10:30 pm,Utah Jazz,112,Sacramento Kings,82,Box Score,,
Wed Mar 29 2017,9:30 pm,Golden State Warriors,110,San Antonio Spurs,98,Box Score,,
Wed Mar 29 2017,7:30 pm,Charlotte Hornets,110,Toronto Raptors,106,Box Score,,
Thu Mar 30 2017,8:00 pm,Cleveland Cavaliers,93,Chicago Bulls,99,Box Score,,
Thu Mar 30 2017,7:30 pm,Brooklyn Nets,89,Detroit Pistons,90,Box Score,,
Thu Mar 30 2017,8:00 pm,Los Angeles Lakers,104,Minnesota Timberwolves,119,Box Score,,
Thu Mar 30 2017,10:00 pm,Los Angeles Clippers,124,Phoenix Suns,118,Box Score,,
Thu Mar 30 2017,10:30 pm,Houston Rockets,107,Portland Trail Blazers,117,Box Score,,
Fri Mar 31 2017,7:30 pm,Orlando Magic,116,Boston Celtics,117,Box Score,,
Fri Mar 31 2017,7:00 pm,Denver Nuggets,114,Charlotte Hornets,122,Box Score,,
Fri Mar 31 2017,7:30 pm,Philadelphia 76ers,105,Cleveland Cavaliers,122,Box Score,,
Fri Mar 31 2017,10:30 pm,Houston Rockets,98,Golden State Warriors,107,Box Score,,
Fri Mar 31 2017,8:00 pm,Dallas Mavericks,90,Memphis Grizzlies,99,Box Score,,
Fri Mar 31 2017,8:00 pm,New York Knicks,98,Miami Heat,94,Box Score,,
Fri Mar 31 2017,8:00 pm,Detroit Pistons,105,Milwaukee Bucks,108,Box Score,OT,
Fri Mar 31 2017,8:00 pm,Sacramento Kings,89,New Orleans Pelicans,117,Box Score,,
Fri Mar 31 2017,8:00 pm,San Antonio Spurs,100,Oklahoma City Thunder,95,Box Score,,
Fri Mar 31 2017,7:00 pm,Indiana Pacers,100,Toronto Raptors,111,Box Score,,
Fri Mar 31 2017,9:00 pm,Washington Wizards,88,Utah Jazz,95,Box Score,,
Sat Apr 1 2017,6:00 pm,Orlando Magic,111,Brooklyn Nets,121,Box Score,,
Sat Apr 1 2017,5:00 pm,Atlanta Hawks,104,Chicago Bulls,106,Box Score,,
Sat Apr 1 2017,3:30 pm,Los Angeles Lakers,104,Los Angeles Clippers,115,Box Score,,
Sat Apr 1 2017,8:00 pm,Sacramento Kings,123,Minnesota Timberwolves,117,Box Score,,
Sat Apr 1 2017,10:00 pm,Phoenix Suns,117,Portland Trail Blazers,130,Box Score,,
Sun Apr 2 2017,6:00 pm,Atlanta Hawks,82,Brooklyn Nets,91,Box Score,,
Sun Apr 2 2017,6:00 pm,Indiana Pacers,130,Cleveland Cavaliers,135,Box Score,2OT,
Sun Apr 2 2017,8:00 pm,Washington Wizards,115,Golden State Warriors,139,Box Score,,
Sun Apr 2 2017,3:30 pm,Memphis Grizzlies,103,Los Angeles Lakers,108,Box Score,,
Sun Apr 2 2017,6:00 pm,Denver Nuggets,116,Miami Heat,113,Box Score,,
Sun Apr 2 2017,3:30 pm,Dallas Mavericks,109,Milwaukee Bucks,105,Box Score,,
Sun Apr 2 2017,6:00 pm,Chicago Bulls,117,New Orleans Pelicans,110,Box Score,,
Sun Apr 2 2017,1:00 pm,Boston Celtics,110,New York Knicks,94,Box Score,,
Sun Apr 2 2017,3:00 pm,Charlotte Hornets,113,Oklahoma City Thunder,101,Box Score,,
Sun Apr 2 2017,9:00 pm,Houston Rockets,123,Phoenix Suns,116,Box Score,,
Sun Apr 2 2017,3:30 pm,Utah Jazz,103,San Antonio Spurs,109,Box Score,,
Sun Apr 2 2017,6:00 pm,Philadelphia 76ers,105,Toronto Raptors,113,Box Score,,
Mon Apr 3 2017,7:00 pm,Portland Trail Blazers,109,Minnesota Timberwolves,110,Box Score,,
Tue Apr 4 2017,7:00 pm,Orlando Magic,102,Cleveland Cavaliers,122,Box Score,,
Tue Apr 4 2017,10:30 pm,Minnesota Timberwolves,107,Golden State Warriors,121,Box Score,,
Tue Apr 4 2017,7:00 pm,Toronto Raptors,90,Indiana Pacers,108,Box Score,,
Tue Apr 4 2017,8:00 pm,Denver Nuggets,134,New Orleans Pelicans,131,Box Score,,
Tue Apr 4 2017,8:00 pm,Chicago Bulls,91,New York Knicks,100,Box Score,,
Tue Apr 4 2017,8:00 pm,Milwaukee Bucks,79,Oklahoma City Thunder,110,Box Score,,
Tue Apr 4 2017,7:00 pm,Brooklyn Nets,141,Philadelphia 76ers,118,Box Score,,
Tue Apr 4 2017,10:30 pm,Dallas Mavericks,87,Sacramento Kings,98,Box Score,,
Tue Apr 4 2017,8:30 pm,Memphis Grizzlies,89,San Antonio Spurs,95,Box Score,OT,
Tue Apr 4 2017,9:00 pm,Portland Trail Blazers,87,Utah Jazz,106,Box Score,,
Tue Apr 4 2017,7:00 pm,Charlotte Hornets,111,Washington Wizards,118,Box Score,,
Wed Apr 5 2017,8:00 pm,Cleveland Cavaliers,114,Boston Celtics,91,Box Score,,
Wed Apr 5 2017,7:00 pm,Miami Heat,112,Charlotte Hornets,99,Box Score,,
Wed Apr 5 2017,7:30 pm,Toronto Raptors,105,Detroit Pistons,102,Box Score,,
Wed Apr 5 2017,8:00 pm,Denver Nuggets,104,Houston Rockets,110,Box Score,,
Wed Apr 5 2017,10:30 pm,Dallas Mavericks,101,Los Angeles Clippers,112,Box Score,,
Wed Apr 5 2017,8:00 pm,Oklahoma City Thunder,103,Memphis Grizzlies,100,Box Score,,
Wed Apr 5 2017,10:00 pm,Golden State Warriors,120,Phoenix Suns,111,Box Score,,
Wed Apr 5 2017,8:30 pm,Los Angeles Lakers,102,San Antonio Spurs,95,Box Score,,
Thu Apr 6 2017,8:00 pm,Boston Celtics,116,Atlanta Hawks,123,Box Score,,
Thu Apr 6 2017,7:00 pm,Milwaukee Bucks,89,Indiana Pacers,104,Box Score,,
Thu Apr 6 2017,7:30 pm,Washington Wizards,106,New York Knicks,103,Box Score,,
Thu Apr 6 2017,7:00 pm,Brooklyn Nets,107,Orlando Magic,115,Box Score,,
Thu Apr 6 2017,7:00 pm,Chicago Bulls,102,Philadelphia 76ers,90,Box Score,,
Thu Apr 6 2017,10:30 pm,Minnesota Timberwolves,98,Portland Trail Blazers,105,Box Score,,
Fri Apr 7 2017,7:30 pm,Atlanta Hawks,114,Cleveland Cavaliers,100,Box Score,,
Fri Apr 7 2017,8:30 pm,San Antonio Spurs,102,Dallas Mavericks,89,Box Score,,
Fri Apr 7 2017,9:00 pm,New Orleans Pelicans,106,Denver Nuggets,122,Box Score,,
Fri Apr 7 2017,8:00 pm,Detroit Pistons,114,Houston Rockets,109,Box Score,,
Fri Apr 7 2017,10:30 pm,Sacramento Kings,94,Los Angeles Lakers,98,Box Score,,
Fri Apr 7 2017,8:00 pm,New York Knicks,88,Memphis Grizzlies,101,Box Score,,
Fri Apr 7 2017,10:00 pm,Oklahoma City Thunder,99,Phoenix Suns,120,Box Score,,
Fri Apr 7 2017,7:30 pm,Miami Heat,94,Toronto Raptors,96,Box Score,,
Fri Apr 7 2017,9:00 pm,Minnesota Timberwolves,113,Utah Jazz,120,Box Score,,
Sat Apr 8 2017,5:00 pm,Chicago Bulls,106,Brooklyn Nets,107,Box Score,,
Sat Apr 8 2017,6:00 pm,Boston Celtics,121,Charlotte Hornets,114,Box Score,,
Sat Apr 8 2017,10:30 pm,New Orleans Pelicans,101,Golden State Warriors,123,Box Score,,
Sat Apr 8 2017,6:00 pm,Indiana Pacers,127,Orlando Magic,112,Box Score,,
Sat Apr 8 2017,7:00 pm,Milwaukee Bucks,90,Philadelphia 76ers,82,Box Score,,
Sat Apr 8 2017,10:00 pm,Utah Jazz,86,Portland Trail Blazers,101,Box Score,,
Sat Apr 8 2017,8:30 pm,Los Angeles Clippers,98,San Antonio Spurs,87,Box Score,,
Sat Apr 8 2017,7:00 pm,Miami Heat,106,Washington Wizards,103,Box Score,,
Sun Apr 9 2017,3:30 pm,Cleveland Cavaliers,125,Atlanta Hawks,126,Box Score,OT,
Sun Apr 9 2017,5:00 pm,Oklahoma City Thunder,106,Denver Nuggets,105,Box Score,,
Sun Apr 9 2017,9:30 pm,Minnesota Timberwolves,109,Los Angeles Lakers,110,Box Score,,
Sun Apr 9 2017,6:00 pm,Detroit Pistons,103,Memphis Grizzlies,90,Box Score,,
Sun Apr 9 2017,12:00 pm,Toronto Raptors,110,New York Knicks,97,Box Score,,
Sun Apr 9 2017,6:00 pm,Dallas Mavericks,111,Phoenix Suns,124,Box Score,,
Sun Apr 9 2017,6:00 pm,Houston Rockets,135,Sacramento Kings,128,Box Score,,
Mon Apr 10 2017,7:30 pm,Brooklyn Nets,105,Boston Celtics,114,Box Score,,
Mon Apr 10 2017,8:00 pm,Orlando Magic,75,Chicago Bulls,122,Box Score,,
Mon Apr 10 2017,8:00 pm,Washington Wizards,105,Detroit Pistons,101,Box Score,,
Mon Apr 10 2017,10:30 pm,Utah Jazz,105,Golden State Warriors,99,Box Score,,
Mon Apr 10 2017,10:30 pm,Houston Rockets,96,Los Angeles Clippers,125,Box Score,,
Mon Apr 10 2017,7:30 pm,Cleveland Cavaliers,121,Miami Heat,124,Box Score,OT,
Mon Apr 10 2017,8:00 pm,Charlotte Hornets,79,Milwaukee Bucks,89,Box Score,,
Mon Apr 10 2017,7:00 pm,Indiana Pacers,120,Philadelphia 76ers,111,Box Score,,
Mon Apr 10 2017,10:00 pm,San Antonio Spurs,98,Portland Trail Blazers,99,Box Score,,
Tue Apr 11 2017,7:30 pm,Charlotte Hornets,76,Atlanta Hawks,103,Box Score,,
Tue Apr 11 2017,8:30 pm,Denver Nuggets,109,Dallas Mavericks,91,Box Score,,
Tue Apr 11 2017,10:30 pm,New Orleans Pelicans,96,Los Angeles Lakers,108,Box Score,,
Tue Apr 11 2017,8:00 pm,Oklahoma City Thunder,100,Minnesota Timberwolves,98,Box Score,,
Tue Apr 11 2017,10:30 pm,Phoenix Suns,104,Sacramento Kings,129,Box Score,,
Wed Apr 12 2017,8:00 pm,Milwaukee Bucks,94,Boston Celtics,112,Box Score,,
Wed Apr 12 2017,8:00 pm,Brooklyn Nets,73,Chicago Bulls,112,Box Score,,
Wed Apr 12 2017,8:00 pm,Toronto Raptors,98,Cleveland Cavaliers,83,Box Score,,
Wed Apr 12 2017,10:30 pm,Los Angeles Lakers,94,Golden State Warriors,109,Box Score,,
Wed Apr 12 2017,8:00 pm,Minnesota Timberwolves,118,Houston Rockets,123,Box Score,,
Wed Apr 12 2017,8:00 pm,Atlanta Hawks,86,Indiana Pacers,104,Box Score,,
Wed Apr 12 2017,10:30 pm,Sacramento Kings,95,Los Angeles Clippers,115,Box Score,,
Wed Apr 12 2017,8:00 pm,Dallas Mavericks,100,Memphis Grizzlies,93,Box Score,,
Wed Apr 12 2017,8:00 pm,Washington Wizards,102,Miami Heat,110,Box Score,,
Wed Apr 12 2017,8:00 pm,Philadelphia 76ers,113,New York Knicks,114,Box Score,,
Wed Apr 12 2017,8:00 pm,Denver Nuggets,111,Oklahoma City Thunder,105,Box Score,,
Wed Apr 12 2017,8:00 pm,Detroit Pistons,109,Orlando Magic,113,Box Score,,
Wed Apr 12 2017,10:30 pm,New Orleans Pelicans,103,Portland Trail Blazers,100,Box Score,,
Wed Apr 12 2017,9:00 pm,San Antonio Spurs,97,Utah Jazz,101,Box Score,,
